godina,platforma,objave,objave_godina_ukupno,interakcije,doseg,metrika_dostupna,godina_potpuna
2021,web,77988,90388,11850790,235573884,da,da
2021,youtube,5030,90388,381164,12014891,da,da
2021,facebook,4115,90388,700472,46466368,da,da
2021,comment,1245,90388,0,0,ne,da
2021,forum,1032,90388,0,0,ne,da
2021,twitter,666,90388,3971,180800,da,da
2021,reddit,312,90388,0,0,ne,da
2022,web,68626,84042,9270737,193086299,da,da
2022,youtube,7660,84042,738072,22143531,da,da
2022,facebook,3844,84042,640780,38887917,da,da
2022,forum,1711,84042,0,0,ne,da
2022,twitter,1293,84042,9581,324821,da,da
2022,reddit,643,84042,0,0,ne,da
2022,comment,265,84042,0,0,ne,da
2023,web,66980,83835,6083278,128581358,da,da
2023,youtube,9906,83835,1222625,19842281,da,da
2023,facebook,4596,83835,697676,42053626,da,da
2023,forum,1175,83835,0,0,ne,da
2023,reddit,830,83835,0,0,ne,da
2023,twitter,285,83835,3440,113227,da,da
2023,comment,61,83835,0,0,ne,da
2023,tiktok,2,83835,54691,1070300,da,da
2024,web,82266,114725,5051318,146165310,da,da
2024,youtube,15671,114725,2604681,50749946,da,da
2024,facebook,11714,114725,1229480,109140190,da,da
2024,reddit,2072,114725,0,0,ne,da
2024,instagram,1130,114725,299344,2905563,da,da
2024,twitter,967,114725,11540,359596,da,da
2024,forum,443,114725,0,0,ne,da
2024,comment,418,114725,0,0,ne,da
2024,tiktok,44,114725,129772,1657185,da,da
2025,web,152048,236166,9366424,293833991,da,da
2025,facebook,44502,236166,6549526,590305753,da,da
2025,youtube,26891,236166,4559034,136966770,da,da
2025,reddit,4228,236166,0,0,ne,da
2025,twitter,2724,236166,41158,9187639,da,da
2025,instagram,2122,236166,655253,5311745,da,da
2025,forum,1779,236166,0,0,ne,da
2025,comment,1641,236166,0,0,ne,da
2025,tiktok,231,236166,223782,4316059,da,da
2026,web,76485,101151,1858956,103671050,da,ne
2026,facebook,20557,101151,2081494,204477791,da,ne
2026,reddit,1706,101151,0,0,ne,ne
2026,twitter,1117,101151,13777,459359,da,ne
2026,instagram,573,101151,105331,1055897,da,ne
2026,youtube,363,101151,57191,1345319,da,ne
2026,forum,270,101151,0,0,ne,ne
2026,tiktok,61,101151,98621,1748587,da,ne
2026,comment,19,101151,0,0,ne,ne
