izvor,objave,interakcije,doseg,godine_prisutnosti
hkm.hr,56500,3090701,42572040,6
slobodnadalmacija.hr,12696,1494818,56200758,6
laudato.hr,11979,713352,8906712,6
vecernji.hr,11303,1630331,65587791,6
index.hr,10267,3649614,169533156,6
net.hr,9955,939468,82407226,6
novilist.hr,9194,463758,12453714,6
crovijesti.com,9175,0,2752500,3
jutarnji.hr,9035,1639869,81281852,6
bitno.net,8644,1519813,73391717,6
24sata.hr,7996,1751581,60623964,6
novizivot.net,7496,3796197,46764999,6
direktno.hr,7362,478096,18411280,6
tportal.hr,6814,233714,24238033,6
narod.hr,6731,694452,16674221,6
dnevno.hr,6561,3347071,74558237,6
dnevnik.hr,6298,1139617,70809608,6
glasistre.hr,6252,166836,4272951,6
hrt.hr,6065,150732,5822070,6
glas-slavonije.hr,5672,58485,1116279,6
djos.hr,5314,20664,367674,6
forum.hr,5263,0,0,6
prigorski.hr,5217,191670,3263493,6
nacional.hr,4368,191165,3672135,6
dalmatinskiportal.hr,4099,507926,13330926,6
dalmacijadanas.hr,3990,402781,7453359,6
magicus.info,3952,16973,631330,6
telegram.hr,3896,1344137,35866259,6
infokiosk.net,3488,66,13074,4
dragovoljac.com,3456,12593,374139,6
croativ.net,3319,190886,4012035,6
zagreb.info,3129,427928,12661012,6
smn.hr,2929,120063,1597018,6
zagorje.com,2600,211239,5086737,6
hrvatskonebo.org,2512,90509,1703835,6
kamenjar.com,2510,207507,4186373,6
biskupija-varazdinska.hr,2482,32995,466963,6
7dnevno.hr,2340,27142,841400,6
medjimurski.hr,2239,184010,3573222,5
youtube.com,2197,0,0,5
sibenik.in,2167,150685,2252628,6
n1info.hr,2121,223663,3811349,6
novine.hr,2084,3072,134110,6
redovnistvo.hr,2084,2416,57060,6
dulist.hr,2065,181908,3339834,6
034portal.hr,2030,108775,3218835,6
mnovine.hr,1996,343170,13875030,6
antenazadar.hr,1983,58163,1610010,6
sjever.hr,1971,46739,1238201,5
znet.hr,1912,9915,892797,3
maxportal.hr,1869,409918,6916194,6
radio-medjugorje.com,1797,222972,2657961,6
story.hr,1797,146616,3390676,6
inmemoriam.hr,1794,7259,165051,6
varazdinske-vijesti.hr,1774,104208,1621818,6
portalnovosti.com,1757,192152,2951475,6
057info.hr,1725,57367,1734801,6
epodravina.hr,1683,107327,2286605,6
istra24.hr,1681,86738,1373295,5
hina.hr,1678,368,34008,6
pozega.eu,1652,148660,2500773,6
hia.com.hr,1613,15149,392895,6
sbperiskop.net,1578,1989,36555,6
hrvatski-fokus.hr,1466,7775,291033,5
medjimurjepress.net,1456,17870,413622,6
icv.hr,1453,100456,1363470,6
pozeski.hr,1415,65681,1014483,6
dalmacijanews.hr,1410,137486,2336544,6
gloria.hr,1403,99653,2414924,6
regionalni.com,1402,87684,1379520,6
klikaj.hr,1379,46840,768363,6
glasgacke.hr,1373,39960,719388,6
poskok.info,1354,30955,1731945,6
ferata.hr,1345,116913,1541190,6
zagorje-international.hr,1345,88617,1413600,6
rva.hr,1328,74520,1031562,6
istrain.hr,1313,33586,617049,6
vjeraidjela.com,1306,24703,488559,5
sjeverni.info,1290,13791,365619,5
dubrovnikinsider.hr,1288,39163,706591,6
dubrovniknet.hr,1278,49437,770013,3
klik.hr,1259,9751,647383,6
glas-koncila.hr,1256,121075,3955227,3
novosti.hr,1236,128464,1601842,6
brodportal.hr,1198,53673,781155,6
glas.hr,1188,1693,58797,4
ks.hr,1184,14308,328950,6
podravski.hr,1177,94599,1471668,6
01portal.hr,1158,28597,538353,6
vzaktualno.hr,1143,8949,240480,6
braniteljski-forum.com,1134,43510,751770,3
oluja.info,1123,6653,165861,1
portal.hr,1094,26460,795622,3
evarazdin.hr,1085,81664,2101650,6
ssmi.hr,1070,1320,27540,6
radionasice.hr,1067,31620,507731,3
rtl.hr,1064,305970,7617576,6
autograf.hr,1037,58375,1067018,6
023.hr,1014,33825,2078483,3
culturenet.hr,1002,473,12699,6
dubrovnikportal.com,997,378,13356,6
istarski.hr,985,36098,706836,5
magazindan.info,984,4165,96213,5
hrvatska-danas.com,983,118491,2045739,6
poslovni.hr,976,32800,1557004,6
ravnododna.com,968,64923,1380561,6
radio-zlatar.hr,965,204,6876,5
hercegbosna.org,961,0,100905,4
hrv.hr,958,4796,74888,6
hkv.hr,947,11516,291804,5
velikagorica.com,933,3,135,4
likaclub.eu,915,33992,1152632,6
035portal.hr,914,52427,838251,6
zg-nadbiskupija.hr,912,85186,1081342,4
totalinfo.hr,895,23625,490329,6
vinkulja.hr,869,71260,1155336,5
torpedo.media,864,25753,430353,6
tvprofil.com,852,79,161019,6
otvoreno.hr,835,13731,477182,6
vgdanas.hr,823,113521,2469878,6
n1info.com,821,249236,7179153,2
atma.hr,807,201856,3053664,6
ofm.hr,806,16457,260067,6
likemetkovic.hr,804,105012,1663985,6
ogportal.com,797,25862,430547,6
gov.hr,792,177175,4858911,6
zadarskilist.hr,792,23747,515529,4
eivanec.com,782,10282,229392,5
sisak.info,769,38534,895000,6
hteam.org,763,14477,365931,4
leportale.com,750,0,15750,3
tomislavnews.com,750,226837,2620146,4
drava.info,746,40316,662011,6
teklic.hr,740,14055,286743,6
zupcica.hr,730,21620,349002,6
morski.hr,727,39139,595757,6
ljportal.com,719,67546,882276,4
journal.hr,716,52251,875571,6
liberoportal.hr,709,10574,208512,6
pozeska-kronika.hr,700,10774,240036,6
sinjskarera.hr,695,20900,374091,6
fiuman.hr,692,49784,943358,6
sibenskiportal.hr,691,37664,552087,5
muralist.hr,690,12635,266799,6
radioimotski.hr,685,48346,606423,5
aljazeera.net,681,100098,10556334,3
lika-online.hr,681,20142,287604,5
044portal.hr,672,11570,272850,6
radiong.hr,672,55487,729081,6
mojportal.hr,669,96915,1180611,5
radioslatina.hr,665,41978,636316,6
metkovic-news.com,651,35260,512802,6
sportnet.hr,649,875,20097,5
adventisti.hr,645,10818,374549,6
czn.hr,631,1076,18162,6
vjeronauk.hr,629,407,5877,6
sestre-sv-kriza.hr,628,2474,35388,6
unicath.hr,620,5123,85502,6
glasgrada.hr,617,3514,115464,5
osijek031.com,615,14456,252836,6
braniteljski-portal.com,611,125587,1975233,3
metro-portal.hr,608,13118,353254,6
portal53.hr,606,17507,259761,6
karlovacki.hr,602,42378,570338,6
logicno.com,595,117649,2276463,6
plusportal.hr,594,44824,888907,6
komarilos.com,587,50586,877596,3
ipress.hr,577,6944,162069,6
kastela.org,573,28799,511455,4
seebiz.eu,572,720,22426,6
klikni.hr,564,24540,400680,5
savjetizadeset.info,558,1630,40446,5
poduckun.net,547,24285,463520,6
hu-benedikt.hr,543,4044,83124,6
radio1.hr,542,3441,128711,6
cityportal.hr,540,34133,452151,6
teleskop.hr,538,146063,2404785,6
hellomagazin.hr,522,6496,268002,3
vjeraufanjeljubav.com.hr,520,22245,631557,3
radiomoslavina.hr,519,5018,142200,6
vecernji.ba,518,3673,1436748,3
agroklub.com,516,24317,771126,6
priznajem.hr,516,206927,3579021,4
biskupijakrk.hr,515,7611,150021,6
glaslike.hr,515,22,954,6
hrvatski-glasnik.com,509,35951,689007,4
radiogornjigrad.blog,507,8958,347166,6
glaspodravine.hr,504,14982,274860,6
radio-djakovo.hr,504,33388,521370,6
radio-banovina.hr,501,47047,675585,5
kckzz.hr,499,2248,43609,6
geopolitika.news,490,89774,1881252,6
srednja.hr,488,33585,854666,6
in-portal.hr,482,8467,163553,6
bug.hr,469,8113,261081,6
vogueadria.com,464,5316,252060,3
moje-djakovo.com,462,38810,495378,6
totalno.hr,460,21116,840330,3
karmel.hr,459,4599,63648,6
zupa-zabok.org,458,5368,123246,6
slavonski.hr,456,13181,502773,6
hop.com.hr,455,37569,830394,6
radiokrizevci.hr,452,14456,233424,5
indirektno.com,448,14489,208953,3
sbonline.net,446,25909,396177,6
tris.com.hr,443,61750,1214572,6
sabh.hr,441,2227,41544,6
balkanlifetoday.info,438,1597,41577,4
radiomarija.hr,437,120,2579,3
novagra.hr,432,2590,48204,6
croative.net,431,10806,1647894,6
zadarskitjednik.hr,431,1749,41229,3
osijeknews.hr,428,14034,268601,6
nasice.com,422,14606,213326,3
lidermedia.hr,419,4091,92510,5
rogotin.hr,419,4710,68040,6
atlantis-travel.hr,416,344,5310,6
gorenjski-soncek.si,415,0,0,1
antikvarijatzz.hr,414,17,2007,6
hedonist-magazin.com,413,2308,68166,5
bjelovar.info,406,15744,255690,3
bloombergadria.com,406,2553,94995,5
crodex.net,404,48567,934755,6
kronikevg.com,400,51989,656289,6
turizmoteka.hr,395,177,4436,6
morh.hr,392,5718,88436,6
politikaplus.com,391,3100,80967,2
kopriva.info,389,1374,35208,3
akademija-art.hr,387,11514,167310,6
pozega.hr,387,621,21455,6
baustela.hr,386,6403,140805,6
mojtv.hr,384,903,241443,6
prijedor24h.net,382,14626,218850,6
mok.hr,378,28094,390186,6
lupiga.com,377,72385,1340595,6
dobardan.info,376,1609,33215,4
casopiskvaka.com.hr,374,7858,218736,6
valpovstina.info,369,9042,146259,3
vinjani.hr,369,13599,321197,6
subtitlecat.com,368,0,574080,3
skac.hr,365,9017,153099,6
rijekadanas.com,361,37891,704184,6
krizevci.info,358,13815,217535,6
dubrovnikpress.hr,357,4482,107037,4
hrvatskiglas-berlin.eu,356,6050,144945,6
makarskadanas.hr,354,18875,367983,5
radiomegaton.hr,353,227,5877,6
posusje.info,350,12384,203866,3
scena.ba,349,4965,403415,4
hrsvijet.net,346,7139,126939,5
kursiljo.com,346,3312,53622,6
rijeka.hr,346,5394,112350,6
gspress.eu,343,8797,263865,2
ofmconv.hr,342,811,13635,4
tunera.info,340,17782,245988,6
osijekexpress.com,337,30034,444498,5
elle.hr,334,4809,87911,6
mojevrijeme.hr,334,27235,478041,6
porestina.info,333,3834,103005,6
krizevci.hr,331,647,13857,6
cronika.hr,329,24612,445387,5
sibenik.hr,328,5673,111401,6
bjelovar.live,323,43173,564930,6
kreacije.info,321,1810,42264,4
stripovi.com,321,456,35415,5
kaj.hr,320,167,1863,6
turistickeprice.hr,318,13262,213948,5
matis.hr,316,1590,33402,5
mirovina.hr,309,25263,681901,6
5portal.hr,307,6917,133751,5
pszupanija.hr,306,749,17253,6
grad-krk.hr,304,781,14841,6
ljubuski.net,303,2031,34185,4
tabor.hr,303,85873,1018119,6
panopticum.hr,302,3862,129356,6
gradonacelnik.hr,301,1626,29223,5
trend.com.hr,300,15607,216261,6
istriaterramagica.eu,299,683,14728,3
radiosamobor.hr,299,9690,137916,4
mvinfo.hr,297,19851,269334,6
veritas.hr,296,240,5904,6
skole.hr,294,611,304155,6
metkovic.hr,291,5568,94122,6
e-hercegovina.com,290,226,8172,5
banjalukain.com,288,15,3789,5
sisakportal.hr,287,16753,550049,6
extravagant.com.hr,286,5132,87098,6
motorsport.hr,283,10,144,5
herons.info,281,2397,135372,3
mixer.hr,281,41186,1372314,6
slunj.hr,280,5,505,6
pakrackilist.hr,278,19228,256354,6
vijestibesplatnoonline.xyz,277,1809,42215,3
book.hr,276,99083,1265139,4
mojzagreb.info,274,1559,51357,3
mraclin.hr,273,11328,172978,6
zupa-svkriz.hr,273,146,6201,6
makarska-danas.com,272,43433,557943,3
svetiste-mbb.hr,272,4602,60446,6
radio-mreznica.hr,270,58804,749142,6
blidinje.net,268,22831,281379,6
nacionalno.hr,267,37075,728226,5
antikvarijat-biblos.hr,265,61,4065,4
sportalo.hr,265,16792,230891,6
cpps.hr,264,2586,38970,6
she.hr,263,11434,233785,6
zanimljivosti.xyz,263,2964,41060,4
cenzurisano.info,261,63,4221,3
lika-express.hr,261,3387,62973,6
prelog.hr,260,93,8223,6
parentium.com,259,6954,144956,6
tomislavcity.com,259,47827,607506,4
historiografija.hr,257,4731,105540,6
chilitours.hr,256,9,917,5
gspress.net,256,20276,292536,4
grazia.hr,255,5643,85818,6
banjaluka-24.com,254,2644,79440,2
hrvatski-vojnik.hr,249,22657,255636,6
medjimurska-zupanija.hr,249,473,9486,6
superportal.hr,249,16748,235872,5
banjaluka24.media,247,3929,87633,3
plavakamenica.hr,247,23147,331731,6
novi-radio.hr,246,1771,35577,6
radio-cakovec.hr,246,68,2862,2
autodana.eu,244,392,90840,2
quirinusportal.com,244,3036,72738,3
studentski.hr,244,3947,148185,6
hdzbih.org,243,174916,7780059,6
compas.com.hr,242,8321,103949,3
imperijal.net,242,836,25146,6
kanal-ri.hr,242,7690,122768,6
sabor.hr,240,1500,28878,6
grabancijas.com,239,44,2458,6
mka.hr,239,9817,323613,6
svijet.hr,237,661,89487,2
tjedno.hr,237,682,24885,6
dubrovnik.hr,235,331,7860,6
stv.hr,235,938,17839,6
zupa-sv-nikole-varazdin.hr,234,0,0,6
p-portal.net,232,10927,176523,6
povijest.hr,228,15558,328026,3
infovodice.com,226,15710,201330,4
noviradio.hr,226,4229,77913,6
caritas.hr,225,580472,9162909,3
h-alter.org,225,7876,126387,4
osmrtnice.hr,225,156,4986,5
eurostarumag.hr,222,2637,54639,6
iusinfo.hr,222,106,19818,5
womeninadria.com,221,11106,310857,6
fama.com.hr,220,974,30222,6
portaloko.hr,220,1615,60717,5
algatravel.hr,219,57,2565,5
svijetkulture.com,217,906,26118,6
totallyglamourous.com,215,7,64653,3
zadarski.hr,215,7238,913714,5
info-ks.net,214,1016,25638,3
rhzk.hr,214,1201,36215,3
zagrebonline.hr,214,1066,33552,6
faktograf.hr,213,22239,539850,6
herceg-bosna.com,213,785,15813,4
jaskadanas.hr,212,7446,112572,6
gospodarski.hr,211,1623,34395,6
press032.com,211,8135,147897,6
pev.com.hr,210,0,0,6
radioorasje.com,210,1451,22851,6
superknjizara.hr,209,43,3658,6
livno-online.com,208,16325,246975,4
zgportal.com,208,1359,46767,6
radio-capljina.com,207,2758,57078,3
isusovci.hr,206,15814,204444,6
mojposao.hr,205,826,85512,3
vpz.hr,205,503,10697,3
ps-portal.eu,204,6263,98397,4
rtv-hb.com,203,15170,214276,4
labinstina.info,201,2048,46440,4
svejetu.hr,198,0,396,6
kigo.hr,196,147,4701,3
sport-pozega.hr,196,1608,37508,6
after5.hr,192,5265,145971,3
istina.media,192,8153,161379,3
hercegovina.info,191,34471,529387,3
zupa-duhasvetoga-jarun.hr,188,1114,11600,6
croexpress.eu,187,14087,214216,4
virovitica.net,187,2120,54144,3
crnojaje.hr,186,638,22374,6
svi-katalozi.net,186,6,56070,4
otoci.net,185,8758,143223,6
siscia.hr,183,6017,107757,6
ebrod.net,180,6398,107298,6
booksa.hr,178,5568,83210,6
novo.hr,178,3360,80622,6
zupanjac.net,178,20835,260091,5
financije.hr,176,1129,74721,4
kastela.com,176,6300,106776,6
bbzinfo.hr,175,2349,55771,3
burin.hr,175,3256,66528,4
foi.hr,175,2,35265,6
germanijak.hr,175,10545,171456,5
senjskabura.hr,173,25,477,3
pula.hr,172,1421,29139,6
glamur.tv,171,0,51300,1
sesvete-danas.hr,171,3759,58203,4
hdkn.hr,170,65,2007,6
hdz.hr,170,567,10655,5
radiopag.hr,170,3027,50037,6
dugopolje.org,169,30875,1703313,5
rilu.news,169,0,50700,1
www.rama-prozor.info,169,33728,1587367,3
radiodalmacija.hr,168,27305,1226817,6
duhovniportal.com,166,2264,153992,3
obican.info,166,3072,49134,3
zapad.tv,166,3007,67419,5
jadranski.hr,164,1151,34960,3
zastita.info,164,368,11340,5
hcl.hr,163,23580,742323,6
jolie.hr,163,4964,84025,6
hic.hr,162,112,4050,2
stilueta.net,162,4106,70416,6
bljesak.info,161,20681,1055608,6
ipaprkc.org,160,10925,190989,4
poduzetnik.biz,160,4441,71391,5
zupa-sv-marka-krizevcanina.hr,159,31,855,6
lokalnatv.com,158,10,414,1
fino.hr,157,0,0,3
poslovni-savjetnik.com,157,128,4182,6
lika-online.com,156,5700,91056,2
politika24.net,155,1023,44185,2
donbosco.hr,154,2974,47630,6
mojarijeka.hr,153,2476,40482,6
slavonijainfo.com,153,8276,132660,5
poduzetnistvo.org,152,0,152,3
bosanskakrajina.online,151,1997,107625,3
infpult.info,150,340,9360,2
dubrovackiportal.hr,149,9403,343881,2
sibensko-kninska-zupanija.hr,149,784,20599,3
matica.hr,148,859,14551,5
varazdin.hr,148,1799,34281,5
osijek-danas.com,147,1811,37953,6
kulturpunkt.hr,146,6031,110981,6
znanje.hr,146,1554,52842,6
posavinatv.com,145,5,43581,2
automania.hr,144,782,25380,6
kucice.hr,144,483,7101,6
coverstyle.hr,143,2838,64295,6
magme.hr,142,2144,39168,6
radio-daruvar.hr,142,10553,264123,6
vitez.info,141,7509,537756,3
advance.hr,140,3171,156265,6
srbi.hr,140,1047,55617,3
360hr.news,139,0,278,2
bolji-ljubuski.com,139,3452,48433,4
promise.hr,139,39968,676759,6
radiolabin.hr,139,3321,57082,6
dailyadvent.com,138,0,235980,2
film-mag.net,138,136,3234,2
ziher.hr,138,3602,73221,6
ljepotaizdravlje.hr,137,2026,43641,6
vrisak.info,136,5829,87597,2
zgexpress.net,136,4005,76843,6
virovitica.hr,135,1615,40230,6
labinskakomuna.eu,134,1794,75624,3
regionalni.hr,132,20,40428,1
studiom.hr,132,2066,38286,6
trogirskiportal.hr,132,6875,93609,6
vukovar.hr,132,608,16488,6
ictbusiness.info,130,268,9680,6
modnialmanah.com,130,220,3840,4
pogled.hr,130,1142,64038,2
radiovrbovec.hr,130,12299,170721,5
slowliving.hr,129,1324,27294,5
dugoselska-kronika.hr,128,89,2655,6
klanjateljice.hr,128,11282,165474,6
fratellanza.net,127,1457,68187,5
varazdinska-zupanija.hr,127,207,4989,5
zmaichek.com.hr,127,341,8884,6
danica.hr,126,31806,509814,6
forum.tm,126,14047,233793,6
mega-media.hr,126,2150,54216,6
unist.hr,126,997,44505,6
varazdin-info.com,126,131,3735,4
mondotravel.hr,125,1656,45977,6
radioslavonija.hr,125,31,927,6
dw.com,124,3695,3690987,5
turistplus.hr,123,579,7947,6
dom2.hr,122,1627,35555,5
ilidzagrad.net,122,280,12024,3
vizkultura.hr,122,6484,93034,6
bih-x.info,120,0,120,5
menu.hr,120,1507,40719,6
najboljeknjige.com,120,19585,254037,6
nasiskolji.hr,120,7869,108657,6
juznivetar.news,119,5110,131820,4
instore.hr,118,1,163,5
danas.hr,117,10514,2647537,4
wish.hr,117,1782,35028,5
zenicablog.com,117,8141,132318,5
kalelargainfo.hr,116,9307,128895,3
gorica.info,115,3922,57762,3
klubskascena.hr,114,9274,138006,6
mamager.hr,114,1792,69156,3
poslovnifm.com,114,1091,25659,6
voxfeminae.net,114,7900,140382,6
zupskiportal.hr,114,1380,38016,6
profitiraj.hr,113,411,14094,6
netkolumne.com,112,99645,1220627,6
gkr.hr,111,5803,78984,6
klikni.news,111,471,17199,3
poduzetnickicentar-kzz.hr,111,776,22320,3
srce.hr,111,147,89613,6
ideje.hr,109,6277,110121,6
vtv.hr,109,596,19512,5
komedija.hr,108,832,13194,6
svpetaripavao.hr,108,0,108,3
crikva.hr,107,2325,39105,6
david-udruga.hr,107,3400,96768,4
stvarnost.hr,107,19456,384982,4
svetiandrija.hr,107,0,0,6
varazdinski.hr,107,3352,374440,4
budidobro.com,106,5497,99921,5
konzerva.hr,106,4157,83151,2
kzz.hr,106,184,3930,3
dsng.hr,105,141,3411,6
game-game.com.hr,105,0,3150,6
sveisvasta.hr,105,0,1260,2
vijesti24h.online,105,25328,418410,2
mojadalmacija.com,104,858,55698,2
posao-srbija.com,104,534,18032,2
radio-baranja.hr,104,2118,39726,6
biograjski.com,102,4053,63873,6
filmonizirani.net,102,311,7605,4
goodgame.hr,102,628,15786,6
kulturistra.hr,102,90,2598,3
vusz.hr,102,384,4872,6
lipadona.com,101,124,2747,6
media-marketing.com,100,758,16394,3
terapija.net,99,750,16398,3
tockanai.hr,99,1011,18504,5
zupa-preobrazenja-gospodnjeg.hr,99,150,2304,5
buro247.hr,98,3890,72743,6
hkld.hr,98,767,13185,1
jatrgovac.com,98,96,2814,6
sportcom.hr,97,828,10310,6
iherb.com,96,32,1472580,2
objektivno.hr,96,3279,48261,5
smz.hr,96,92,2958,6
ekovjesnik.hr,95,1808,39096,6
zeneimediji.hr,95,5352,77297,6
energetika-net.com,94,146,4126,4
skolskiportal.hr,94,1571,27893,6
uss.hr,94,993,21663,5
baranjainfo.hr,93,7821,102357,5
hrturizam.hr,93,1388,27900,6
milosrdnice-zagreb.hr,93,65,1791,6
slavonski-brod.hr,93,2806,44793,3
split.hr,93,189,5355,6
sveti-kriz-zacretje.hr,93,10,450,6
zadarska-zupanija.hr,93,53,1131,6
koprivnica.hr,92,1698,25004,6
ploce.com.hr,92,6466,87504,4
azurtours.hr,91,907,20643,6
lipovljani.hr,91,184,3078,6
riportal.hr,91,8218,672622,3
soundguardian.com,91,2749,40536,4
kgz.hr,90,948,17082,6
lepoglava.hr,90,1388,25074,6
slatina.net,90,2302,43146,6
zg-magazin.com.hr,90,743,24921,4
lisinski.hr,89,2552,45016,6
milosrdnice.hr,89,3,99,4
nacionalniportal.hr,89,860,21960,6
naturala.hr,89,1370,37364,4
samoborskiglasnik.net,89,36,953,4
liberal.hr,88,11762,154532,4
unizg.hr,88,771,58281,6
hbk.hr,87,706,16215,6
mirisicvijeca.info,87,57,27657,3
narodni-list.hr,87,2529,110865,1
slavonikanews.hr,85,906,18558,5
dhk.hr,84,770,13194,6
novagradiska.eu,84,1029,19917,6
obitelj.hr,84,982,19098,5
baptist.hr,83,120,2664,6
hnk-zajc.hr,83,393,6608,6
indeks.hr,83,72,1332,3
kepesujsag.com,83,107,1568,6
mk-veterani.hr,83,53,711,6
mojdoboj.info,83,742,25859,5
hck.hr,82,10374,370938,6
zagrebacka-zupanija.hr,82,58,956,6
zupa-petrusevec.hr,82,601,14697,5
komunistickizlocini.net,81,8335,178200,3
pcnen.com,81,1375,35649,3
bosanski.info,80,58,25728,2
grad-zadar.hr,80,461,9777,6
hrvatskepraviceblog.com,80,19009,340731,4
mediaservis.hr,80,163,1619,6
sbtv.hr,80,0,0,4
xxzmagazin.com,80,2350,55650,3
ex-iskon-pleme.com,79,0,237,6
irb.hr,79,95,8616,6
planetopija.hr,79,687,9231,6
svetijurajnabregu.hr,79,127,2241,6
volimivanic.info,79,4447,58419,6
aktualno.hr,78,1100,33666,1
opusdei.org,78,947,45171,4
dalmacija.hr,77,1065,19962,6
femina.hr,77,1695,44274,6
bacvice.com,76,205,9135,3
civilnodrustvo.hr,76,295,10017,5
dnevno.info,76,0,0,1
hvs.hr,75,1953,27081,6
medias.hr,75,636,17208,3
pomorac.hr,75,2062,40095,5
crna-hronika.info,74,3218,1043539,3
gracanicainfo.com,74,0,22200,1
nsk.hr,73,677,17517,6
fashion.hr,72,4834,87169,6
fightsite.hr,72,7039,100647,5
gornjastubica.hr,72,1244,22446,6
radiosrbac.com,72,0,0,3
sarajevskasehara.com,72,6382,102582,2
sound-report.com,72,287,6399,3
tuhelj.hr,72,2,90,6
tzokrasic.hr,72,2,90,5
visoko.co.ba,72,714,178970,4
zadarskiportal.com,72,99,25839,2
obris.org,71,192,5062,5
soundsetragusa.hr,71,25,459,3
trebinjedanas.com,71,2361,39174,4
zadarnews.hr,71,1694,34378,3
zet.hr,71,3189,105378,6
bnm-portal.com,70,1454,28980,6
jastrebarsko.hr,70,46,1548,5
kfbih.com,70,248,3794,3
libela.org,70,2735,59918,3
prvii.info,70,84,4690,2
dubrovacka-biskupija.hr,69,2225,36150,2
istra-istria.hr,69,306,6966,6
nasabujstina.com,69,50,1509,4
nbs-zg.hr,69,1027,12429,3
nezavisniportal.info,69,391,15390,4
sasava-ja.com,69,3037,47079,4
dkd.hr,68,344,5634,6
labin.com,68,0,680,3
licegrada.hr,68,8,352,3
stizu-me-sjecanja.com,68,4247,70677,4
banjaluka.net,67,1238,216071,3
cetinjskilist.com,66,2360,35850,5
evoprice.net,66,10795,153117,3
gloriaglam.hr,66,3090,50886,6
mojnovac.hr,66,2573,60129,3
relaxino.com,66,213,7191,6
krasic.hr,65,0,0,6
sagud.xyz,65,3892,56826,3
showbuzz.hr,65,5290,447091,5
biscani.net,64,3321,67911,4
iceipice.hr,64,704,18396,6
krugaresnica.info,64,862,31206,2
radio-busovaca.eu,64,2088,52932,2
uniri.hr,64,979,20727,6
zeljanazovko.eu,64,403,7569,6
ivijesti.hr,63,2603,54261,3
radnickaprava.org,63,931,18018,4
srebrenickaprica.com,63,5256,74205,2
gloryhr.info,62,3,135,5
jakovlje.hr,62,0,558,6
ofs.hr,62,248,6632,6
vbz.hr,62,948,24928,6
livnovine.com,61,1856,28515,1
akademski.hr,60,899,38223,2
imperij.com,60,6669,325318,4
suvremena.hr,60,79,1467,6
unin.hr,60,723,10287,6
zenskirecenziraj.com,60,6638,90936,3
4brigada-zng.hr,59,3272,37638,6
music-box.hr,59,2210,40491,5
svijet-medija.hr,59,58,5052,5
topdestinacije.hr,59,2,90,6
zagrebancija.com,59,214,8399,6
ivanec.hr,58,215,2565,6
obz.hr,58,88,1570,5
predsjednik.hr,58,3990,56094,6
sm-provincijalat.hr,58,142,1872,6
usk-vijesti.info,58,578,37902,2
24kroz7.com,57,1402,47304,2
novidani.com,57,31718,523107,5
osijek.hr,57,141,3654,6
pivnica.net,57,827,17241,3
unios.hr,57,201,9783,6
borak.tv,56,1791,153750,1
cromoda.com,56,144,3378,6
generacija.hr,56,432,11936,2
recepti-i-zdravlje.info,56,175,6701,3
rsminfo.hr,56,407,27465,2
arhivanalitika.hr,55,7192,119022,6
donjadubrava.hr,55,60,936,5
estetica.hr,55,1388,27697,6
kresevo.info,55,11467,414717,5
radiotg.com,55,526,26256,2
startnews.hr,55,16304,225387,5
b-portal.hr,54,550,12078,3
ekosspiritus.hr,54,48,720,6
hercegovackiportal.com,54,5388,80928,5
mostarski.info,54,24,1134,2
regionalexpress.hr,54,2451,45297,1
suvremenazena.hr,54,2452,39150,6
svjetskiputnik.hr,54,923,24586,6
crnemambe.hr,53,2715,45333,2
globalnovine.eu,53,377,9621,4
jabucnjak.hr,53,0,159,6
klfm.org,53,192,4463,5
radio-rama.info,53,2298,49344,2
wixsite.com,53,1408,34055,2
zadarskanadbiskupija.hr,53,256,4104,2
enciklopedija.hr,52,14300,415836,5
pozeska-biskupija.hr,52,866,14414,5
preporucamo.com,52,211,5969,5
spectatorblog.net,52,1681,33057,6
zakon.hr,52,200,12762,5
blato.hr,51,246,9126,6
poslovniturizam.com,51,374,5850,4
rockomotiva.com,51,3210,48777,4
una.world,51,168,5319,1
zagreb.hr,51,1085,24141,5
amazonke.com,50,4010,63172,5
elegant.hr,50,8762,195947,6
medjugorje.hr,50,238,5838,5
oazaznanja.com,50,4572,77550,2
prigorskiradio.hr,50,1360,39804,2
rastimougospodinu.com,50,67439,893229,3
belisce.hr,49,1780,26160,5
bilten.org,49,5570,88508,5
cmc.com.hr,49,54,913,6
dnevnik.in,49,425,24033,1
green.hr,49,3836,56979,6
itgirl.hr,49,1167,14643,6
kalionline.net,49,2393,30585,6
radiokotor.info,49,326,7316,3
zadardanas.com,49,1399,27207,3
autoportal.hr,48,1206,17370,4
fraktura.hr,48,1726,32472,4
hps.hr,48,410,6246,5
prijevozi.hr,48,77,15183,2
rodoslovlje.hr,48,198,3318,6
stav.com.hr,48,0,14400,3
adiva.hr,47,464,11907,6
lavoce.hr,47,278,5746,3
lovas.hr,47,19,783,6
monitor.hr,47,6,9396,6
pozitivmedia.info,47,207,5895,4
progressive.hr,47,10,14262,2
ri-nadbiskupija.hr,47,6965,103863,4
sib.hr,47,6265,492682,5
tragmedia.com,47,62,14892,1
ufokus.hr,47,60,1008,4
entrio.hr,46,4537,143457,5
freedom.hr,46,0,13800,1
hrz.hr,46,43,819,4
ivanic-grad.hr,46,5,153,6
moderna-galerija.hr,46,104,2790,5
povijest.net,46,1903,33365,3
pozeskivodic.com,46,0,0,1
riprsten.com,46,2507,40653,5
vbtours.hr,46,0,0,1
corpusdomini.hr,45,15,639,5
grude.com,45,1612,22626,2
hrportfolio.hr,45,0,4185,4
knjiznicavirovitica.hr,45,296,8442,3
mojsrbac.info,45,0,0,1
montenegrina.net,45,90,2754,4
opera.news,45,0,54000,2
reci.hr,45,1764,28449,6
indigo-svijet.hr,44,372,10116,5
istra.hr,44,0,528,5
kazup.hr,44,114,2664,4
mi-oracion.com,44,239,12046,3
novska.hr,44,72,1430,6
sinj-news.hr,44,1016,19384,3
uhpa.hr,44,197,5047,5
vidi.hr,44,311,9609,5
xhrvatska.com,44,2,13290,3
yachtscroatia.hr,44,1180,26466,6
kristofori.hr,43,4906,94525,6
lajk.hr,43,550,627674,3
mojaderventa.info,43,0,0,1
newsare.net,43,0,86,5
otoci.eu,43,1194,33530,6
pazin.hr,43,46,1187,3
pleternica.hr,43,2803,32661,5
pressclipping.hr,43,0,0,4
sbplus.hr,43,57,3357,2
visitsplit.com,43,192,8332,6
energreen.hr,42,467,23067,2
fokuspress.com,42,6810,80694,6
mojamodrica.info,42,90,2952,1
mojsamac.info,42,100,4284,1
nekros.info,42,29,729,1
novimilenij.eu,42,267,11583,3
suh.hr,42,325,5625,6
znatko.com,42,12,1296,4
bosnamedia.info,41,2836,70980,2
crveninosovi.hr,41,1071,14373,4
kofertogo.hr,41,0,12300,2
mojbrod.info,41,61,2750,1
molitve.hr,41,2402,54279,4
mozaik-knjiga.hr,41,598,9490,6
novi-vinodolski.hr,41,42,784,5
portal387.com,41,0,12300,1
progressive.com.hr,41,12,504,4
solin.hr,41,2171,29575,6
apartmanija.hr,40,635,9681,4
centarzdravlja.hr,40,1149,20913,6
cool.hr,40,54,1926,6
elitetravel.hr,40,3627,62293,5
kutina.hr,40,47,665,4
mojteslic.info,40,65,2169,1
mreza-mira.net,40,480,13728,2
snv.hr,40,108,1916,5
vicomanija.com,40,0,12000,1
volim-losinj.org,40,25,477,3
x.com.hr,40,0,0,2
zagrebdox.net,40,531,6729,5
365srbija.com,39,30439,370845,3
ceresa.hr,39,698,12276,5
crol.hr,39,1535,30589,6
djurdjevac.hr,39,1025,20835,6
dugirat.com,39,24,342,3
hbz-vijesti.com,39,3475,63423,1
hnd.hr,39,386,8100,6
jakazena.com,39,3455,91338,2
mojprnjavor.info,39,46,1998,1
odraz.hr,39,282,6120,3
pregrada.hr,39,495,21690,6
split.com.hr,39,441,10395,5
udruga2gbr-gromovi.hr,39,6337,79857,4
gorskenovosti.net,38,1663,29007,6
hocuknjigu.hr,38,94,3756,4
jesenski-turk.hr,38,166,3154,5
lider.media,38,195,5157,2
linkedin.com,38,17,513,3
opereta.hr,38,50,2046,5
serbiantimes.info,38,2066,33108,2
sportski.net,38,46,56364,3
superportal.eu,38,0,11400,1
vojni-ordinarijat.hr,38,2,54,5
kinotuskanac.hr,37,0,222,4
pink.rs,37,914,285893,3
portalzdravlje.hr,37,5155,63657,5
womancomm.club,37,40,1404,2
zadovoljna.hr,37,10036,1100026,5
zupa-kraljice-svete-krunice.hr,37,148,2070,5
bh-vijesti.com,36,1333,34677,3
cloudaccess.host,36,79,3663,2
makarska.hr,36,6,90,5
prelistaj.hr,36,0,0,1
scena.hr,36,1391,34155,5
adriatic.hr,35,1,2985,4
cazma.hr,35,234,3474,6
db.hr,35,1072,15084,2
dokumentarni.net,35,1022,16236,4
healthhub.hr,35,502,8046,5
hok.hr,35,53,2118,6
lifebuzz.hr,35,451,20175,3
mojaknjizara.hr,35,40,666,4
scubalife.hr,35,1483,42345,6
unaworld.com,35,49,1629,2
visitrijeka.hr,35,95,2238,5
zabok.hr,35,347,5174,5
art-kino.org,34,0,34,6
geek.hr,34,399,19659,5
portofon.com,34,0,34,3
svijetputovanja.hr,34,4680,51762,6
dijaspora.hr,33,19382,268374,3
djakovo.live,33,6570,276228,3
hrvatskoobrambenostivo.com,33,1141,21834,1
huknet1.hr,33,200,2232,4
konzum.hr,33,377,13608,4
plautilla.hr,33,4082,46098,5
postpress.com.hr,33,26,900,5
roda.hr,33,0,3069,6
sibenska-biskupija.hr,33,598,9486,3
vrlika.hr,33,0,0,6
amcham.hr,32,4,176,4
besttravel.hr,32,64,1656,4
discovercroatia.net,32,1,45,5
nogometplus.net,32,1675,29010,4
posta.hr,32,79523,2608083,6
uhbdr-101br-susedgrad.hr,32,20,486,5
universitas-portal.hr,32,981,22847,2
wall.hr,32,30,582,6
klostar-ivanic.hr,31,15,333,6
netokracija.com,31,1337,25707,6
nova.rs,31,6200,729806,2
ogulin.hr,31,2,85,6
pcekspert.com,31,0,3510,6
preporod.info,31,791,56100,3
vinodol.hr,31,749,12010,5
zagrebi.hr,31,954,24006,3
animafest.hr,30,0,90,4
anketa.plus,30,0,9000,3
bhdinfodesk.com,30,168,4962,2
bjelovarac.hr,30,2844,41620,4
braniteljski-portal.hr,30,3608,67434,3
dvbportal.net,30,185,7191,3
hrsport.hr,30,1787,25173,4
jelenje.hr,30,791,11943,5
ludbreg.hr,30,459,8661,3
medjugorje-news.com,30,62988,865350,5
paluba.info,30,0,240,4
place2go.hr,30,108,3354,5
punkufer.hr,30,2829,353914,6
seharica247.site,30,69451,736773,2
sloboda.hr,30,2192,41612,3
tiramola-media.info,30,2,9090,3
visitjelsa.hr,30,174,1620,4
zaposlena.hr,30,1250,27576,6
abrasmedia.info,29,234,6232,2
dnevno.rs,29,35,76675,2
etours.hr,29,458,19476,5
hrvatska-povijest.hr,29,8211,112959,2
josipdol.hr,29,12,180,3
mixeta.net,29,95,2547,4
nadanasnjidan.net,29,1,5352,2
novostiplus.org,29,13,189,1
otok-krk.org,29,3071,52263,4
posi.hr,29,312,6336,5
sportnews.hr,29,1060,17093,5
xn--titnjaa-o6a36e.hr,29,758,15981,5
072info.com,28,1349,27015,1
biciklijade.com,28,313,9927,6
glam.hr,28,0,0,3
legalis.hr,28,0,546,4
lions.hr,28,155,3439,6
livecamcroatia.com,28,1,1389,5
ogulin.eu,28,941,16749,2
pitomaca.hr,28,27,603,4
plivamed.net,28,0,1680,6
tower-center-rijeka.hr,28,437,8723,6
zaklada-anamarija-carevic.hr,28,1572,34518,3
atmawebshop.com,27,7,285,6
baranjamedija.hr,27,1450,87036,6
marija-bistrica.hr,27,78,2187,4
mdc.hr,27,25,567,5
news-bar.hr,27,0,0,3
opatija.hr,27,156,3708,4
rudan.info,27,29868,366651,6
tisno.hr,27,33280,957348,5
umag.hr,27,1383,19899,5
zupakristakraljatrnje.hr,27,275,6291,1
apoliticni.hr,26,37,1707,4
chic.hr,26,129,2727,5
crikvenica.hr,26,160,2590,6
fitnell.com,26,0,13260,3
kako.hr,26,0,1560,1
kuhinja-zdravlje.xyz,26,252,17286,2
mob.hr,26,52,2154,4
novagradiska.hr,26,0,26,6
petir.eu,26,3012,35082,2
planetofhotels.com,26,0,27300,4
relax-portal.info,26,1567,26709,1
religis.com,26,4519,101279,1
tekstovi.net,26,3,4155,6
vrbovsko.hr,26,70,2276,4
antoniosiber.org,25,843,12202,4
budinscina.hr,25,141,1611,4
digiblogbox.com,25,0,5850,3
gnkdinamo.hr,25,1281,17472,6
htz.hr,25,95,2243,3
jaska.com.hr,25,0,0,2
krk.hr,25,10,675,4
krstarica.com,25,0,0,1
mojasrpska.info,25,122,4701,4
pgz.hr,25,51,792,5
pressmediabih.com,25,648,13554,1
recepti.hr,25,191,4050,2
sat-multimedia.com,25,1,70,4
vox92.net,25,0,575,5
webgradnja.hr,25,2845,112950,4
zapresic.hr,25,38,896,5
bima-shop.hr,24,71,2124,6
blogofoto.com,24,0,8640,4
cro-ponuda.eu,24,28,540,3
globgov.com,24,0,1080,6
gric-gric.com,24,103,2769,4
hnk-split.hr,24,522,11454,4
inverzija.net,24,785,14751,6
kinematografi-osijek.hr,24,0,72,3
knin.hr,24,686,14454,5
licke-novine.hr,24,2,90,3
ludujemo.info,24,0,168,2
menulifestyle.eu,24,260,14904,3
najnovijevijesti.hr,24,3436,61398,2
nasiljudi-gentenostra.hr,24,34,1554,3
solin-info.com,24,0,0,1
tehix.hr,24,16,180,4
trebam.hr,24,25,1821,2
zuhbdrp-rh.hr,24,41,1305,6
crometeo.hr,23,0,46,2
gastronaut.hr,23,475,16921,3
gorica.hr,23,0,69,6
hfs.hr,23,77,842,6
hnk-osijek.hr,23,76,1224,5
hraction.org,23,197,3146,5
hvar.hr,23,198,3106,4
samoprovjereno.com,23,1969,40755,2
schoolandcollegelistings.com,23,0,14490,6
splitv-portal.com,23,502,9216,2
sportklub.hr,23,260,10833,2
tribina.hr,23,0,0,2
wishmama.hr,23,0,46,5
bezcenzure.hr,22,376,9962,5
borba.info,22,58,3738,4
cinestarcinemas.hr,22,230,6372,3
dnz.hr,22,0,0,1
euractiv.hr,22,46,7464,2
hodocasce.eu,22,0,6600,1
identitet.hr,22,342,7830,3
krtice.net,22,6211,72769,1
lokalnahrvatska.hr,22,0,220,2
ns-dubrava.hr,22,1288,21924,4
pdfcoffee.com,22,0,114180,5
samopozitivno.com,22,217,6417,3
saznajemo.info,22,14537,259851,2
vugla.com,22,0,132,3
ampblogs.com,21,0,13860,3
argentum.hr,21,1826,64476,5
bookmark.hr,21,0,6300,1
d-a-z.hr,21,3,141,5
dbblog.net,21,0,5040,2
grenef.hr,21,0,6300,2
hdu.hr,21,27,1059,3
hgu.hr,21,0,126,6
medijskapismenost.hr,21,596,10449,3
opcinakonavle.hr,21,801,14661,6
perzepolis.hr,21,4371,125127,6
poslovnipuls.com,21,0,63,3
ppmhp.hr,21,0,0,4
sibenskikanal.hr,21,0,6300,1
slunj-crkva.hr,21,0,0,1
smart-travel.hr,21,13806,598128,5
svijetsigurnosti.com,21,39,1710,3
svrljig.info,21,883,12327,3
6yka.com,20,11358,187602,1
butua.com,20,20,920,4
e-dijaspora.info,20,905,16373,3
hks-cbf.hr,20,325,5397,6
hrb.hr,20,0,6000,1
huped.hr,20,9,405,6
hura.hr,20,14,258,3
impulsportal.net,20,79,1731,1
ombudsman.hr,20,303,5035,5
reboot.hr,20,177,2565,5
sapunice.net,20,0,520,1
supertelevizija.com,20,276,14136,2
trcanje.net,20,2070,28084,4
trecadobhrvatska.com,20,1058,17970,2
vodice.hr,20,0,40,3
bbz.hr,19,45,921,5
crolinks.eu,19,0,0,1
crosport.hr,19,0,0,4
eojn.hr,19,0,5700,2
eppgroup.eu,19,0,418,5
fdk.hr,19,0,19,6
gong.hr,19,364,8550,3
megabon.eu,19,32,3834,5
novipocetak.com,19,652,11400,2
parkovihrvatske.hr,19,16,312,1
pregled.com.hr,19,1,45,3
progradnja.hr,19,9,405,5
romi.hr,19,63,1701,5
velaluka.hr,19,0,19,5
budica.info,18,0,5400,1
burzanautike.com,18,101,2637,5
cepin.hr,18,196,2754,5
delnice.hr,18,0,0,5
gospari.hr,18,1,28996,2
guerrillagirl.net,18,629,32675,4
hrvatski-izvoznici.hr,18,49,585,3
hrvatskikrsnizavjet.com,18,863,22203,1
infozagreb.hr,18,63565,1477665,5
jakopic-travel.hr,18,47,2115,3
jergovic.com,18,3415,47835,3
kokteli.hr,18,108,1674,4
kostrena.hr,18,88,1206,5
kyrios.hr,18,460,12042,3
opcinalegrad.hr,18,131,1521,4
poliklinika-djeca.hr,18,1074,16578,5
prvenovine.com,18,81,3429,2
radio808.com,18,79,1071,4
radiosibenik.hr,18,10,486,3
regional.ba,18,7,34374,3
sarocosentino.com,18,102,4446,3
skolskaknjiga.hr,18,5644,158130,3
ss-ivana-mestrovica-drnis.hr,18,135,1917,6
ticm.hr,18,107,2727,4
visokoin.com,18,611,36018,4
widblog.com,18,0,5940,3
zamaaero.com,18,2,90,4
24h.ba,17,410,666090,2
automobili.hr,17,3381,51876,4
biobio.hr,17,38,888,4
braniteljski.hr,17,1793,23893,3
dblog.hr,17,1665,18746,5
ffa.hr,17,618,12312,5
gameperspectives.hr,17,96,2592,5
hanfa.hr,17,1,147,3
itbizcrunch.com,17,0,0,4
mvep.hr,17,17,2709,1
npkrka.hr,17,28,871,3
pcchip.hr,17,230,7344,5
radoboj.hr,17,0,51,3
slideshare.net,17,1,846645,3
travnicki.info,17,1641,18252,5
autopress.hr,16,368,12786,5
bhanalitika.com,16,0,4800,1
bitcoin.com,16,0,60000,1
energypress.net,16,27,315,5
federalna.ba,16,297,146714,1
get4u.hr,16,112,3312,3
itnovosti.com,16,0,32,4
lzmk.hr,16,40,2310,5
print-magazin.eu,16,23,1095,3
roditelji.hr,16,377,34545,3
sv-mihovil.hr,16,612,8060,5
tvarenasport.hr,16,181,3795,3
tvloki.eu,16,0,4800,1
ulaznice.hr,16,103,3740,6
vesti-online.com,16,94,42910,3
vidilab.com,16,0,96,5
zvono.eu,16,6275,248587,3
adrijanaputovanja.hr,15,0,0,4
afroditacosmetics.com,15,3061,103932,3
agenparl.eu,15,0,315,3
agroportal.hr,15,97,4176,5
ampeu.hr,15,870,21168,3
bednja.hr,15,0,15,6
bhinfoportal.com,15,175,7110,1
biblija-govori.hr,15,187,6603,4
budim.info,15,10533,385245,2
covermagazin.com,15,20,738,2
e-zupe.com,15,700,9756,2
glosbe.com,15,1020,123696,4
gorazdeonline.com,15,101,2781,3
hdlu.hr,15,106,2334,5
hzjz.hr,15,286,7407,5
informer.ba,15,136,48810,1
mediadesk.hr,15,48,1872,3
mrdealfinder.com,15,47,2130,2
nacelnik.net,15,48,2124,2
nocknjige.hr,15,1,75,5
projektvelebit.com,15,19464,299946,3
ringeraja.hr,15,0,45,3
smartphonehrvatska.com,15,39,1719,3
stampar.hr,15,40,1548,2
stin.hr,15,92,1524,3
sv-antun.hr,15,1423,21729,1
svjetlo.com,15,0,0,4
tvz.hr,15,0,285,3
virje.hr,15,44,732,5
voda.hr,15,2,180,4
vrhbosanska-nadbiskupija.org,15,89,2097,3
cantus.hr,14,0,0,4
cekate.hr,14,35,531,6
centarzabave.com,14,0,0,3
cik-media.com,14,711,15177,2
citajknjigu.com,14,473,7221,4
epoha.com.hr,14,3510,66450,3
epostshop.hr,14,0,28,4
fenserka.com,14,2,89745,3
flash.hr,14,172,4096,3
foozos.hr,14,0,14,4
fpzg.hr,14,0,0,4
gkmm.hr,14,151,3507,5
ida.hr,14,58,864,5
jabuka.tv,14,19,1583,2
krizevci.eu,14,0,0,1
mediadaily.biz,14,206,4066,5
opcina-svfilipjakov.hr,14,0,0,4
povcast.hr,14,375,5697,2
principmagazin.com,14,0,4200,1
redea.hr,14,0,0,4
salesiana.hr,14,11672,255150,5
scribd.com,14,356,772230,4
slobodna.dalmacija,14,45133,592031,2
slobodnalika.com,14,0,210,1
srpskatelevizija.com,14,925,34563,3
ssf.hr,14,630,7218,1
tz-krk.hr,14,79,2817,4
vguk.hr,14,0,14,4
zagrebdanas.hr,14,0,28,1
zgsport.hr,14,4,150,3
zna.hr,14,0,14,2
agrobiz.hr,13,88,2474,2
ahmadiyya-islam.org,13,366,9032,3
algebra.hr,13,27,1221,3
crvenikrizzupanja.hr,13,408,17478,5
czk-jastrebarsko.hr,13,0,0,3
dijasporainfo.net,13,1306,25914,2
drumtidam.info,13,262,6915,2
economiafinanzas.com,13,0,377,1
gkka.hr,13,185,4368,4
glazba.hr,13,3664,39941,3
grad-vodice.hr,13,33,922,5
haus.hr,13,313,9255,3
hpd-mosor.hr,13,0,0,4
htportal.eu,13,2474,29520,3
ids-ddi.com,13,51,1377,4
ifzg.hr,13,113,2259,5
imotska-krajina.hr,13,0,3900,1
infomediabalkan.com,13,64,2880,3
ivan.anusic.hr,13,8822,10664,3
korcula.hr,13,4,222,5
likaportal.com,13,0,3900,1
maglaj.net,13,213,3843,3
mojaljekarna.hr,13,1,513,2
motors.com.hr,13,0,78,3
novalja.hr,13,56,828,5
oskatancic.hr,13,184,4518,5
prijatelji-zivotinja.hr,13,10,528,3
promina.hr,13,0,0,5
prostoria.eu,13,0,117,1
qoshe.com,13,126,4659,1
radiobobovac.com,13,0,0,1
ramiro.hr,13,119,3123,4
savjetnica.com,13,0,0,3
stari-grad.hr,13,51,1521,5
svijetkladjenja.com,13,260,7118,5
tzdubrovnik.hr,13,0,13,3
vjera.hr,13,34031,421605,2
zeljeznice.net,13,10,427,4
ami-pula.hr,12,0,0,2
assemblio.hr,12,2,54,2
bajtbox.com,12,283,7839,4
bandcamp.com,12,305,164601,5
biogradnamoru.hr,12,14,270,4
boljiposao.com,12,0,72,5
chicita.eu,12,150,2970,2
cosmopolitan.hr,12,474,9450,2
digitalnademokracija.com,12,851,16371,4
dizajn.hr,12,1014,11832,2
dobarzivot.net,12,146,1692,3
dura.hr,12,0,0,3
europesays.com,12,0,3600,1
fena.agencija,12,51,2143,3
glazbeni.info,12,30,1362,5
hrhb.info,12,1,9,2
infozona.hr,12,81,1911,5
jammark.hr,12,6,246,3
moja-djelatnost.hr,12,1,549,3
nmz.hr,12,11,459,5
oznaci.net,12,214,8352,3
plivazdravlje.hr,12,0,2592,3
portos.hr,12,0,3600,1
poslovnojutro.com,12,0,0,3
pouvg.hr,12,0,60,3
prometej.ba,12,4140,174696,3
radioval.hr,12,45,441,3
rasa.hr,12,26,306,4
rk-podravka.hr,12,488,7734,3
savjetodavna.hr,12,0,576,2
sport.tportal.hr,12,237,26262,1
trilj.hr,12,0,12,5
tzg-krapina.hr,12,0,0,4
zeneinovac.com,12,1367,16947,3
zupa-kompolje.hr,12,8,360,1
zv.hr,12,1,81,4
alfa.hr,11,0,99,1
cineplexx.hr,11,287,3150,3
croatia.org,11,54,1372,4
doliatravel.hr,11,0,0,4
domovinskirat.hr,11,12017,134637,4
dubrovackidnevnik.hr,11,0,0,1
duhos.com,11,1451,60903,2
eurovilla.hr,11,4,246,5
exxxperiment.net,11,203,4358,4
feral.news,11,542,7434,3
futura-dent-estetica.hr,11,0,3300,1
gordan.grlic.radman,11,849,3894,1
gorgonija.com,11,235,4833,3
hajduk.hr,11,3146,33912,3
hns-cff.hr,11,1597,17328,3
humnasutli.hr,11,5,200,4
ipu.hr,11,64,666,5
jankovac.hr,11,511,10305,4
klimakoncept.hr,11,0,297,1
knjiga-znanja-veda.hr,11,522,11232,1
kutjevo.hr,11,5,189,5
lyricstranslate.com,11,0,51480,5
marija-gorica.hr,11,0,22,6
mgz.hr,11,11,423,3
miportal.hr,11,931,19161,3
motori.hr,11,0,297,6
msf.hr,11,42,1242,4
murter.hr,11,1,67,4
mytravel.hr,11,60,1656,3
opcina-dubrava.hr,11,0,0,5
orto-nova.hr,11,576,16204,2
portal-novosti.info,11,0,0,2
poslovnaucinkovitost.hr,11,0,22,3
rgk.hr,11,31,333,3
sandorf.hr,11,102,2012,4
spicum.com,11,0,561,1
svetanedelja.hr,11,5,146,3
top-lista.hr,11,0,11,3
umrli-neretva.com,11,38,4344,1
vern.hr,11,29,507,3
vozim.hr,11,0,0,4
womenonwine.com.hr,11,226,4842,4
zlatar.hr,11,162,2538,5
academia.edu,10,0,390000,5
ajme.hr,10,0,3000,1
antifasisticki-vjesnik.org,10,1954,24234,4
arhiv.hr,10,9,399,6
autoklub.net,10,0,3000,1
balkoteka24h.club,10,382,14768,1
bosnapress.net,10,64,1828,2
cakoveconline.com,10,0,0,2
croatiaweek.com,10,342,6168,2
czkvl.hr,10,3,63,3
despot-infinitus.com,10,920,12756,3
dijete.hr,10,0,0,3
dnevnadoza.net,10,662,15146,3
eventim.hr,10,210,25386,3
fratar.net,10,27,1181,2
gavella.hr,10,13,253,5
glasnilo.com,10,0,3000,1
gospic.hr,10,118,1476,3
hipsb.hr,10,132,3700,3
hrzz.hr,10,233,2837,4
hzinfra.hr,10,15,659,3
istinomprotivlazi.info,10,54848,1167030,1
knjigolov.hr,10,698,13638,5
krsan.hr,10,1,45,4
ljekarna-pablo.hr,10,20,948,2
ljiljan.ba,10,14238,563230,2
mali-losinj.hr,10,0,0,1
manjgura.hr,10,318,4560,3
nezavisniportalsirokopolje.hr,10,268,4536,2
noviplamen.net,10,417,7111,2
omis.hr,10,5745,93295,4
orioninfovk.com,10,0,10,1
pakostane.hr,10,0,0,1
porin.hr,10,49,909,2
projekti.hr,10,34,630,3
radnickafronta.hr,10,1351,21367,2
srcelutajuce.com,10,759,14913,3
stotinka.hr,10,56,1204,4
subsite.hr,10,66,2790,5
tinktura.com,10,1197,24149,1
tvnova.hr,10,0,0,3
tz-fuzine.hr,10,10,406,4
vinarija.com,10,1,55,4
yoga-in-daily-life.hr,10,1373,17325,6
zgprsten.hr,10,62,1548,1
zupagospavangrada-sibenik.hr,10,232,6588,1
artmagazin.info,9,39,1062,3
aurodomus.hr,9,162,6345,3
bengeri.com,9,3422,40905,3
blaga.hr,9,2008,25758,2
cafe.hr,9,86,3411,4
cibalia.info,9,0,27,1
coolinarika.com,9,646,13122,3
ctr.hr,9,43,1566,3
cybermed.hr,9,2,729,3
dnevnebih.online,9,0,2700,1
eu-krka-knin.hr,9,0,0,4
eu-projekti.info,9,9,495,3
ezblogz.com,9,0,2970,4
futura-it.hr,9,0,9,2
gp1.hr,9,245,3951,3
hdlu-rijeka.hr,9,13,441,4
hztk.hr,9,0,81,3
infokg.rs,9,162,20211,2
jajce-online.com,9,974,11529,1
karla.hr,9,0,0,3
karlovac.hr,9,0,162,6
kastav.hr,9,0,9,3
kladionica.biz,9,239,4383,3
klubikon.com,9,2491,34821,3
ljubusaci.com,9,108,2439,2
mojusk.ba,9,59,37717,1
most-hrvatska.hr,9,1327,13761,5
ngbuntovnici.hr,9,388,7956,2
opcina-kiseljak.org,9,0,0,3
paraf.hr,9,6630,108234,2
pbz.hr,9,0,2592,2
portal-ostro.hr,9,1306,20142,4
pou-zelina.hr,9,0,0,4
proteka.hr,9,261,11466,4
provjeri.hr,9,939,20646,3
putovnica.net,9,0,1647,3
samobor.hr,9,17,297,2
sdss.hr,9,34,360,3
skolski-sport.hr,9,224,3996,4
studenci.hr,9,0,0,4
tacno.net,9,339,51160,3
uik.hr,9,0,0,4
veleri.hr,9,0,18,2
vidiauto.com,9,2,171,4
vijesti.ba,9,132,5004,2
www.hr,9,0,9,1
zadardanas.hr,9,44,972,1
zenstvena.com,9,0,486,3
zgf.hr,9,597,8298,5
aktivirajkarlovac.net,8,741,11475,3
babycenter.hr,8,225,8691,3
balcanicaucaso.org,8,6,570,3
bhdijaspora.net,8,2903,43641,1
bikemagazin.info,8,297,4877,5
boks-savez.hr,8,355,6081,4
cirkus.hr,8,0,0,3
cizmicatv.com,8,20786,267126,2
cropc.net,8,261,2919,4
dhkp.hr,8,0,0,2
doka.com,8,0,360,4
ecommerce.hr,8,92,2460,3
educentar.net,8,0,72,4
ezadar.hr,8,76,33796,1
futsal-dinamo.hr,8,695,7865,2
gku-bcu.hr,8,40,810,5
glasnik.eu,8,0,2400,2
gossip-vijesti.com,8,19,459,2
grad.opatija,8,166,935,1
gtocka.com,8,50,2096,2
hde.hr,8,0,0,3
hifimedia.hr,8,918,10026,4
hkdrustvo.hr,8,156,3410,3
institutfrancais.hr,8,20,880,4
irmo.hr,8,28,1150,4
knjiznica-koprivnica.hr,8,0,0,5
komunalac-kc.hr,8,2,96,4
koronavirus.hr,8,58,1764,1
kultura-crikvenica.hr,8,91,1071,2
lg.com,8,0,81120,1
nestle.hr,8,7,339,4
nula49.com,8,1227,62780,2
ognjiste.hr,8,81,2069,2
opuzen.hr,8,125,1683,3
plemenit.hr,8,63,2091,4
popusti.hr,8,0,0,2
rssing.com,8,0,28080,6
scardona.hr,8,7107,314513,3
shazam.com,8,69,38481,3
srednjabosna.ba,8,3329,148980,4
svijetosiguranja.eu,8,26,934,1
telesport.hr,8,289,25311,2
temu.com,8,0,0,4
tera.hr,8,28,396,3
thedubrovniktimes.com,8,59,1863,3
tockazarez.hr,8,430,9330,3
trudnoca.net,8,0,8,1
univerzal-djakovo.hr,8,0,0,4
yihr.hr,8,74,1710,3
zamp.hr,8,56,1320,4
zdici.info,8,933,12261,1
zelena-istra.hr,8,30,342,3
zse.hr,8,0,136,3
adekvatnateologija.com,7,617,13275,2
alternativa.hr,7,54,1533,3
ams.hr,7,0,42,3
aquilia.hr,7,0,0,1
arijainfo.net,7,18,2766,1
bhclubbing.com,7,57,2471,1
blackouthiphop.com,7,343,6179,4
bogumili.hr,7,138,2340,3
bol.hr,7,0,0,4
brac-online.com.hr,7,0,0,2
crorec.net,7,7184,320532,4
dentusperfectus.hr,7,0,0,4
dnevnevijestibih.com,7,0,2100,1
doba.hr,7,0,7,3
dobrevijesti.org,7,139,5643,1
durieux.hr,7,57,1125,4
eistra.info,7,21,320,4
eklinika.hr,7,0,0,1
gay-serbia.com,7,2,300,4
gkzd.hr,7,54,1212,4
gretta-online.com,7,0,0,1
hairstyle-news.hr,7,136,3312,4
hakom.hr,7,0,91,3
heretica.com.hr,7,954,13417,4
hho.hr,7,0,0,4
hnb.hr,7,71,3012,4
hrvatskaapartmani.hr,7,0,21,1
ht.hr,7,0,182,2
hzn.hr,7,0,105,4
ifimes.org,7,61,1565,3
ignacije.hr,7,722,13896,3
juginfo.hr,7,86,3324,1
juzni.hr,7,40,1080,1
kardio.hr,7,130,5461,3
kladionica.eu,7,0,0,2
kras.hr,7,203,3240,3
kuctravno.hr,7,9,225,4
mandispharmljekarne.hr,7,0,0,2
megathemes.info,7,0,7,1
mhz.hr,7,0,42,3
mladez-hdzbih.org,7,0,0,4
mmsu.hr,7,5,174,3
muzej-koprivnica.hr,7,0,0,2
mycity-military.com,7,0,1323,2
nepopularna.org,7,620,9619,6
nk-rijeka.hr,7,93,1278,3
nomadi.hr,7,19,657,3
nsz.hr,7,15,681,3
obrtnici-zagreb.hr,7,136,2286,4
podravinaiprigorje.hr,7,0,0,2
popodnevnik.hr,7,14,2352,3
portal-zdravlja.com,7,1244,24352,2
redakcija.hr,7,1373,20574,1
risnjak.hr,7,0,0,4
sindikatpolicije.hr,7,1,73,3
split-techcity.com,7,113,3875,2
sportske-kladionice.com,7,30,867,3
supermame.hr,7,814,9747,3
szp.hr,7,0,0,2
t.me,7,0,0,3
tme.eu,7,0,7350,3
tomislav.jonjic,7,606,577,1
tribun.hr,7,1850,32010,1
tumblr.com,7,0,42,1
tzosijek.hr,7,0,0,2
udruga-let.hr,7,1,45,4
uhov.hr,7,0,7,3
vasezdravlje.com,7,0,441,1
visovac.hr,7,0,0,1
zabavninet.info,7,14,636,1
zelina.hr,7,45,531,4
adhara.hr,6,0,6,2
alkemijazivota.com,6,4086,62802,2
aloalo.hr,6,0,18,2
alternativa-za-vas.com,6,229,5337,3
art-rasvjeta.hr,6,0,12,3
autokreso.hr,6,0,108,3
basketball.hr,6,323,5031,3
bih-index.com,6,0,1800,1
bihvijesti.com,6,45,1665,1
biom.hr,6,0,66,3
blogolize.com,6,0,3240,4
cakovec.hr,6,32,486,1
cekor.org,6,0,6,2
centarzlata.com,6,27,453,4
cinestartvchannels.hr,6,0,90,4
ctk-rijeka.hr,6,0,0,2
czk-cepin.hr,6,0,0,1
dnevnik.ba,6,165,25806,1
domoljubni.hr,6,114,3240,1
dubrovnik-policija-91.com,6,436,5112,2
dubrovniktv.net,6,0,150,3
ekvarner.info,6,0,36,3
elipso.hr,6,0,378,3
elitesecurity.org,6,0,0,1
etnoportal.com,6,80,2052,1
forumcroatian.com,6,0,54,4
gayecho.com,6,166,3996,3
geografija.hr,6,17,231,3
globuya.com,6,0,1512,3
h-r-z.hr,6,0,0,1
harfa.hr,6,240,10410,1
helpmedix.com,6,0,1800,2
hismus.hr,6,2,54,2
hnip.hr,6,0,0,1
hpd-jastrebarsko.hr,6,46,594,3
hrsport.net,6,0,1422,1
hrvatskodrustvopisaca.hr,6,0,18,4
ihjj.hr,6,0,102,3
inpharma.hr,6,0,72,3
isp.hr,6,82,1404,2
juliana-nails.hr,6,0,0,3
kakolako.org,6,0,1800,1
koncar.hr,6,0,12,2
kucazdravlja.hr,6,8,360,2
liburnija.com,6,18,774,2
liznjaninfo.hr,6,0,6,3
ljekarnaonline.hr,6,0,138,2
mediaspeed.net,6,0,36,3
minghui.org,6,103,9135,2
miruhbosne.com,6,0,0,1
mmh.hr,6,0,0,2
mojabih.live,6,0,0,1
mojkalendar.com.hr,6,167,4785,3
mojnovisad.com,6,185,36834,2
muo.hr,6,38,1260,2
nainzulinu.com,6,419,5163,3
naj-portal.com,6,0,1800,1
orebic.com.hr,6,0,24,1
orlandofit.hr,6,0,0,3
pcela.hr,6,1,51,5
peticije.online,6,1062,17742,2
pixsell.hr,6,0,432,1
posmrtna-pripomoc.hr,6,1146,14424,1
priceless.com,6,0,1386,2
prijevodi-online.org,6,0,954,1
privredni.hr,6,61,849,3
profil-klett.hr,6,128,2394,4
profil.hr,6,285,3915,3
radio-hrvatska.com,6,0,12,1
rekreativno.info,6,816,14856,1
roditeljsrbija.com,6,0,96,3
rra-sibenik.hr,6,0,0,2
rrif.hr,6,0,540,3
sacredspace.com,6,0,0,2
smile.hr,6,0,6,4
sretnamama.hr,6,87,1449,2
sssh.hr,6,29,369,2
svantun-rijeka.hr,6,2,54,1
szgz.hr,6,0,0,2
tekstoteka.com,6,0,0,1
tvautomagazin.hr,6,0,0,4
tzig.hr,6,6,90,5
tzzadar.hr,6,18,666,4
veliki-tabor.hr,6,0,0,4
vinkovci.com.hr,6,25,333,2
vutra.org,6,0,36,3
vvg.hr,6,0,12,2
wondermaar.com,6,0,0,1
zadra.hr,6,0,18,2
zagrebfacts.hr,6,1749,23517,2
zene.ba,6,2,9612,2
zimo.hr,6,79,7926,1
zlatnavrata.hr,6,0,18,4
anglozine.com,5,16,684,2
arenadental.hr,5,2486,55968,2
arhitekti-hka.hr,5,0,60,4
aspectus.com.hr,5,51,2220,2
avr.hr,5,2,90,2
baska.hr,5,81,2079,4
blogeri.hr,5,62,2795,4
blok.hr,5,0,0,3
bojezvuka.hr,5,281,6321,3
bolinfo.hr,5,24,864,1
brcanski-forum.com,5,0,10,1
callegari.hr,5,20,756,3
camping-simuni.hr,5,0,45,3
carnet.hr,5,37,3166,3
cemex.hr,5,0,30,1
chan.hr,5,65,1503,3
citycenterone.hr,5,0,45,3
cms.hr,5,99,1207,3
coloursofistria.com,5,14,660,2
crnazona.com,5,29,1977,1
cut.hr,5,0,0,2
dajsve.com,5,0,30,3
deltachannels.com,5,55,2475,1
dental-tribune.com,5,0,240,4
digitalne-knjige.com,5,3,140,3
dnevnimag.com,5,558,8791,2
dokishop.hr,5,0,75,3
dokumentarac.hr,5,1176,25993,2
domacikolaci.net,5,112,2651,2
dorh.hr,5,0,15,2
drnis.hr,5,0,0,3
dubrovnik-festival.hr,5,37,883,3
element.hr,5,11,662,3
enterzagreb.hr,5,353,5090,2
ericssonnikolatesla.com,5,0,1500,2
euronogomet.com,5,0,525,1
finder.hr,5,0,5,2
findglocal.com,5,0,3600,1
freelance.hr,5,0,50,4
freeradioprijedor.com,5,21,837,2
fso.hr,5,45,752,2
fzoeu.hr,5,0,115,2
gauss.hr,5,0,0,1
gol.hr,5,2271,143567,3
grad-vinkovci.hr,5,0,1500,3
gradimozadar.hr,5,55,1893,2
hak.hr,5,2,744,4
havk-mladost.hr,5,0,5,3
hazu.hr,5,20,924,2
hbomax.com,5,0,163500,2
hgss.hr,5,6293,70237,1
idi.hr,5,24,1080,4
infinum.com,5,1,750,3
investor.hr,5,0,0,3
jgl.hr,5,42,987,3
jimdofree.com,5,22,38862,3
jug.hr,5,96,1846,2
karlovacki-tjednik.hr,5,0,0,1
kazalistekerempuh.hr,5,0,50,3
kpc.hr,5,0,0,4
kritika-hdp.hr,5,829,11907,2
kulanorinska.hr,5,0,0,2
lag-medjimurskidoliibregi.hr,5,0,0,2
macholevante.com,5,0,10,1
maticahrvatskaosijek.hr,5,48,936,3
medjimurje.info,5,17,729,3
menshealth.hr,5,0,5,3
mercedes-benz.hr,5,0,30,2
metapedia.org,5,5,630,3
milojevic.hr,5,0,10,2
mljet.hr,5,0,5,2
motorevija.com.hr,5,5,219,4
moviestvseries.com,5,0,15,1
mrak.org,5,56,1062,3
mso.hr,5,0,0,2
mytuner-radio.com,5,0,5250,2
nacionalnastraza.hr,5,337,4239,1
nautica-portal.com,5,57,698,2
netflix.com,5,0,2710500,2
novine.eu,5,16,1921,3
np-mljet.hr,5,274,2867,4
np-plitvicka-jezera.hr,5,56,936,3
oceanmore.hr,5,0,10,2
ona.rs,5,28,11535,1
opcina-brela.hr,5,0,5,2
pametnekuceelbin.com,5,0,1500,2
parkovi.eu,5,0,1500,2
pd-obzova.hr,5,0,0,2
pdpaklenica.hr,5,86,1116,3
petrijevci.hr,5,0,0,4
pou-novska.hr,5,59,1575,2
privatnismjestaj.hr,5,5437,132122,2
radiobn.net,5,680,12093,2
radost-jaska.hr,5,0,0,2
recproduction.net,5,48,1836,3
republika.eu,5,36,1314,1
rirock.hr,5,31,855,2
rivijera-paklenica.hr,5,0,0,4
smart.hr,5,0,0,2
smokingpopes.net,5,0,0,1
sportskeigremladih.com,5,2,1554,3
staimanovo.com,5,29,1305,1
starapovijest.eu,5,10,357,1
studenac.hr,5,6,345,3
svetiste-sibenik.hr,5,0,10,1
tounj.hr,5,63,1017,3
turizamilok.hr,5,0,5,1
tuzla.info,5,0,1500,3
tuzlanski.ba,5,3085,16922,2
tz-malilosinj.hr,5,0,0,1
tzbaranje.hr,5,58,797,3
tzo-blato.hr,5,0,0,4
uep.hr,5,0,0,2
unhcr.org,5,35,13302,2
unisport.hr,5,0,5,4
vigilare.org,5,6473,104342,1
virtualnahercegovina.com,5,51,1040,4
vodnjanski.info,5,88,2808,2
vrgorskestarine.hr,5,187,3681,3
wordwall.net,5,13,39927,3
yammat.fm,5,88,1476,5
zdravka.hr,5,56,1278,4
zelena-akcija.hr,5,279,5365,3
zff.hr,5,36,1594,3
zoo.hr,5,1,55,2
zvezdegrandauzivo.com,5,0,0,1
zvjezdano-selo.hr,5,11,495,2
20minuta.hr,4,4,188,4
ab.hr,4,55,2271,3
abcgeografija.com,4,127,2763,2
adria.fun,4,156,4944,2
aladin.info,4,0,516,1
anamihaljevic.com,4,0,1200,2
anarhisticka-biblioteka.net,4,84,2600,3
apn.hr,4,0,12,2
apoteka.hr,4,0,0,2
arenapoliklinika.hr,4,2202,85432,2
audiopro.hr,4,0,48,2
autoservis.hr,4,0,1200,1
azop.hr,4,0,12,3
bernays.hr,4,1,81,2
bksvn.hr,4,154,2844,3
bpz.hr,4,0,76,1
breannmcgregor.com,4,160,3168,1
brija.com,4,0,0,2
cdtmn.org,4,100,1066,2
cibona.com,4,318,4828,1
citizengo.org,4,5715,123939,3
companywall.hr,4,0,72,2
crosarka.com,4,306,4080,1
crozilla.com,4,1,125,2
czp.hr,4,0,8,2
daljepoti.hr,4,0,0,3
ddicpck.hr,4,19,207,3
derventacafe.com,4,125,2101,2
detaljno.net,4,0,84,2
dgu.hr,4,0,0,3
dnevno.ba,4,49,8482,1
dr.karosh,4,9,158,2
draxblog.com,4,0,0,1
dubrava.hr,4,325,23234,2
ehoroskop.net,4,0,132,3
emz.hr,4,1,57,2
farmacia.hr,4,0,8,1
figulus.hr,4,1498,34362,2
franchising.hr,4,0,8,4
furaj.ba,4,92,11468,1
galerijaklovic.hr,4,0,0,3
garnier.hr,4,0,0,3
glamour.hr,4,150,10100,2
globalvoices.org,4,0,1320,1
gracija.info,4,38,1314,1
gradimo.hr,4,0,0,3
gradski-muzej-bjelovar.hr,4,0,0,3
hazud.hr,4,96,2074,1
heritagecroatia.com,4,962,9720,1
hgk.hr,4,6,114,2
hkig.hr,4,0,48,3
hlk.hr,4,58,654,3
hrportali.com,4,0,0,1
hrs.hr,4,6,138,3
hzpp.hr,4,0,576,3
ifs.hr,4,50,1714,2
izbori.hr,4,0,12,2
izvansvakekontrole.com,4,204,3492,2
jw.org,4,53,62253,2
kajscena.hr,4,0,0,2
kblj.hr,4,1,45,1
kkz.hr,4,71,1953,3
klinca-sela.hr,4,0,4,3
korcula.online,4,111,1179,1
kupreskiradio.com,4,828,35232,2
ledo.hr,4,2120,69018,2
lidl.hr,4,0,768,2
lollipop.hr,4,0,0,2
marinmiletic.hr,4,42,792,3
menart.hr,4,0,0,2
menartshop.hr,4,1,81,4
meteo.hr,4,0,2880,3
metro-cc.hr,4,0,24,2
mirakul.hr,4,20,288,4
mojezdravlje.net,4,0,0,2
mostar.live,4,8,1308,2
motopuls.com,4,71,1773,3
motopuls.hr,4,0,0,3
motovun.hr,4,0,4,3
msu.hr,4,157,2015,2
muzej-djakovstine.hr,4,0,4,1
mzss.hr,4,46,1656,3
narodna-knjiznica-drnis.hr,4,0,0,3
nicijazemlja.net,4,259,27488,2
nikel.com.hr,4,0,24,2
nova-akropola.hr,4,0,0,2
nustar.hr,4,0,4,3
o-jankovci.hr,4,0,0,3
oie.hr,4,8,328,2
okz.hr,4,0,4,3
opcina-privlaka.hr,4,0,0,1
opcinabol.hr,4,0,0,4
oruzjeonline.com,4,107,2485,4
osjecka.com,4,0,12,1
oslobodjenje.ba,4,6268,9854,2
ozalj.hr,4,0,4,2
park-maksimir.hr,4,19,859,2
phralipen.hr,4,195,2663,3
pif.hr,4,18,234,2
plejer.net,4,61,1665,3
podravka.hr,4,0,88,3
polleosport.hr,4,44432,1833448,3
port.hr,4,0,172,1
portalinformer.com,4,0,1200,1
pp-zumberak-samoborsko-gorje.hr,4,132,1534,4
praktikumcentar.com,4,88,5124,3
radiona.org,4,0,36,2
redoofhealer.top,4,0,1200,1
regate.com.hr,4,36,360,2
reiki-dojo.net,4,391,6309,3
revijahak.hr,4,0,216,1
rijekasport.hr,4,0,0,3
rugvica.hr,4,1,45,2
savez-dnd.hr,4,10,450,3
sfera.hr,4,0,0,1
spar.hr,4,0,276,2
sph.hr,4,16,324,3
sportvision.hr,4,0,156,4
stomatolog-patricia.hr,4,0,12,1
stratus.hr,4,0,48,2
strucnaknjizara.com,4,0,8,2
sumins.hr,4,0,8,2
svetplus.com,4,29,1343,1
tehnicki-muzej.hr,4,0,8,1
toninopicula.com,4,96,2934,2
trendolizer.com,4,0,216,1
turizam-vzz.hr,4,439,15633,1
tz-baska.hr,4,0,8,2
tzvelaluka.hr,4,0,0,3
uciliste-lovran.hr,4,303,8455,3
ugradu.info,4,46,774,2
unicef.org,4,1070,33288,3
urania.hr,4,0,0,3
vevu.hr,4,0,36,3
webnode.hr,4,337,4827,3
wikisource.org,4,244,30066,2
yachts.hr,4,0,8,1
zaamagazine.xyz,4,0,1200,2
zadruga5.com,4,192,4110,1
zaton.hr,4,0,100,1
zeelena.com.hr,4,0,0,1
zmag.hr,4,0,8,3
zmurh.hr,4,13,125,3
zoran.batarilo,4,66,792,1
zupa-bl-stepinac.hr,4,68,1710,1
zupanet.hr,4,34,450,1
about.hr,3,0,0,1
adriapress.hr,3,18,1710,1
aem.hr,3,0,6,2
akademijazse.hr,3,0,3,2
akta.ba,3,4,3497,2
apartmanihrvatska.hr,3,0,3,1
aquilonis.hr,3,0,3,2
argonauta.hr,3,71,1179,2
autotrolej.hr,3,1,81,2
azu.hr,3,0,0,1
azvo.hr,3,0,27,2
bauerfeind.hr,3,335,8766,2
beautypharmacy.hr,3,0,9,2
bfm.hr,3,0,9,3
bhinfoportal.online,3,35,1575,1
bjnewlife.org,3,0,630,2
blagamisterije.com,3,235,3684,1
boginjenestare.com,3,0,900,2
bokun-neba.com,3,114,2862,1
boljani.info,3,1,45,3
bookzvook.com,3,231,2997,1
bosch.hr,3,0,0,2
burza.com.hr,3,9,189,3
bus.hr,3,0,72,1
buz.hr,3,0,0,3
cambridge.org,3,0,111600,2
campaign-archive.com,3,499027,17597061,3
churchofjesuschrist.org,3,0,26730,1
cosmetic.com.hr,3,0,0,1
creativabox.com,3,743,13248,2
croatianhistory.net,3,10,423,2
croatiaopen.hr,3,0,6,2
cunahr.net,3,32,810,3
dalmacijaportal.hr,3,0,0,1
damanhurhrvatska.org,3,3,87,2
dinarskogorje.com,3,20,351,2
dip.hr,3,0,0,2
docsity.com,3,0,7308,2
dreznica.net,3,10,414,2
drmecava.com,3,0,0,1
drmecava.net,3,0,900,1
drvo-namjestaj.hr,3,0,0,1
dubokavoda.com,3,20,864,1
dudinka.org,3,153,2691,1
dugirat.hr,3,43,531,3
eau-thermale-avene.com.hr,3,125,2481,1
ecovast.hr,3,7,279,2
eizg.hr,3,0,6,1
elcars.com.hr,3,0,0,1
eljekarna24.hr,3,0,54,3
ellemclin.com,3,0,0,1
emins.org,3,2,96,1
emotivnaluda.com,3,1722,24477,2
fitness.com.hr,3,496,8685,3
fitzona.hr,3,5,207,3
fmfs.hr,3,104,1746,1
folder.hr,3,0,7820,1
fondovi.hr,3,1,161,2
forex.hr,3,0,900,1
full-design.com,3,0,1260,1
gacka053.com,3,0,900,1
ghetaldusdalmacija.hr,3,0,0,2
girija.info,3,66,1883,2
gkl-split.hr,3,0,3,2
glagoljica.hr,3,13,549,2
glasnik-sim.hr,3,2618,30798,1
gradskagroblja.hr,3,0,27,2
haop.hr,3,0,3,2
hbps.hr,3,300,6588,2
hdke.hr,3,0,0,1
hds.hr,3,6,90,3
hedera.hr,3,586,23493,2
hgspot.hr,3,0,477,2
hiccasino.com,3,0,900,2
hlc-rdc.org,3,0,6,1
hok-cba.hr,3,0,18,2
holcim.hr,3,0,3,1
hpb.hr,3,0,468,2
hpo.hr,3,0,0,1
hr-nekretnine.hr,3,0,6,2
hrastovic-inzenjering.hr,3,0,6,3
hrvatskiklubputnika.com,3,0,3,1
hsls.hr,3,33,495,2
hvarskabiskupija.hr,3,166,3618,2
hzuts.hr,3,0,0,1
igre.hr,3,0,63,2
ikea.com,3,0,170100,1
inmusicfestival.com,3,140,1503,1
iscjeljivanje.net,3,411,7227,2
istina.put.zivot,3,131,1932,1
istinomprotivlazi.eu,3,843,19827,1
jadrolinija.hr,3,0,189,1
joker.hr,3,33,1485,2
judo.hr,3,6,468,2
kastela.hr,3,0,18,1
katolik.hr,3,47,1719,1
kaufland.hr,3,1061,12483,3
knjiznica-kutina.hr,3,0,0,2
komora.hr,3,7,315,2
konzervativac.com,3,434,6588,2
kostajnica.com,3,286,2844,1
krilo.info,3,89,2385,2
kronika.hr,3,0,6,1
kulturni-turizam.com,3,1,54,2
kupime.hr,3,1,26487,2
kvarnerski.com,3,72,3630,1
lektire.hr,3,1,225,3
lidija-kralj.from.hr,3,0,0,2
lijepa.hr,3,0,108,3
likaplus.hr,3,23,819,3
ljekarna-marusic.hr,3,0,54,3
maris.hr,3,23,1038,2
matematika.hr,3,45,828,2
matica-sindikata.hr,3,0,0,2
matrixworldhr.com,3,418,8835,1
minimagazin.info,3,0,33,1
minimax.hr,3,0,24,3
mmc.hr,3,0,0,3
mnlffer.com,3,0,0,2
mojvideo.com,3,0,54,2
motolyrics.com,3,0,51,3
motovunfilmfestival.com,3,68,1089,1
mps.hr,3,0,33,2
mstim.hr,3,0,0,2
mtv.com.hr,3,0,0,1
muzej-sisak.hr,3,0,0,2
muzika.hr,3,1162,55799,2
nedelist.hr,3,82,1353,1
nexus-svjetlost.com,3,0,0,1
nk-osijek.hr,3,45,621,3
nklokomotiva.hr,3,0,6,1
np-sjeverni-velebit.hr,3,13,585,2
nshronika.rs,3,2,872,2
objava.hr,3,0,900,1
obnova.com.hr,3,110,2106,2
online-kladionica.com,3,0,0,1
opcina-mala-subotica.hr,3,0,6,1
patreon.com,3,1,185445,3
pazinstina.info,3,155,1539,1
perun.hr,3,104,1944,2
pescanik.net,3,189,2988,1
pevex.hr,3,0,1080,2
plaviured.hr,3,83,1899,1
podravkagrupa.com,3,0,900,2
poliklinika-breyer.hr,3,48,468,1
portal-udar.net,3,20,1476,1
portal-veterani.info,3,32,1458,2
poslanik.gospodina,3,15639,400595,2
primatexpertise.com,3,346,15588,1
printshop.hr,3,0,9,1
prnjavorinfo.com,3,219,3483,2
profitmagazin.com,3,0,9,2
promet-split.hr,3,0,0,2
prozor-rama.org,3,10,414,3
prvi.hr,3,0,9,1
psiholoski-prostor.org,3,362,5742,1
putopis.hr,3,401,6939,3
quovadiscroatia.com,3,400,7587,2
rabac-labin.com,3,6,216,3
radio-dunav.com,3,0,3,1
radio101.hr,3,0,39,1
radiobalkanfox.com,3,0,18,2
radioprkos.hr,3,0,0,2
rakovec.hr,3,0,0,2
raport.ba,3,101,9493,2
receptizasve.com,3,0,87,2
recipeci.com,3,50,2328,2
ris.hr,3,15,318,2
ruralnirazvoj.hr,3,2,57,3
satelitskiforum.com,3,0,0,2
sdp.hr,3,1116,12135,2
sesvete-online.info,3,0,0,1
sivazona.hr,3,0,0,2
sljeme.hr,3,0,3,3
slobodnizajedno.org,3,223,3501,1
sos-dsh.hr,3,0,3,2
sportarena.hr,3,0,0,1
sportskacentrala.com,3,145,1755,1
sportskiobjekti.hr,3,0,45,1
spotify.com,3,1,45,1
stratego.hr,3,0,0,2
suverenisti.hr,3,14,162,2
svetijosip.com,3,388,6768,3
svijet-beba.hr,3,0,36,2
thecookwarehq.com,3,0,0,1
thinkific.com,3,1100,57456,3
tickets.rs,3,3,6907,2
tigrovi-urv1gbr.com,3,35,387,2
tommy.hr,3,0,87,2
topzabava.com,3,3,4631,2
tripalo.hr,3,0,3,2
tunein.com,3,48,11952,3
ucitelji.hr,3,5,195,3
udruga-praktikum.hr,3,0,0,1
ugng.hr,3,9,261,3
uredinfo.com.hr,3,0,0,2
usluga.hr,3,0,0,3
uzishop.hr,3,0,27,1
vallis-colapis.hr,3,0,0,2
vijesti-x.com,3,79,1422,1
vikendplaner.info,3,7,986,2
vinopedia.hr,3,0,0,2
visitilok.hr,3,0,900,2
visitogulin.hr,3,157,3627,2
vukovarka.hr,3,0,0,1
whisperofnature.eu,3,1,45,2
wixstudio.com,3,29,1557,1
yimbybilbao.com,3,0,0,1
zdravljeija.hr,3,0,900,1
zehra.ba,3,2,454,1
zenavrsna.com,3,3324,35322,2
1000kucnihlijekova.info,2,7,135,1
24kitchen.com.hr,2,0,6,2
3sporta.com,2,694,7922,2
4chan.org,2,0,53220,1
4lookstore.com,2,70,1350,1
a1.hr,2,0,450,2
acer.com,2,0,9300,2
adidas.hr,2,0,600,1
adriaticnews.eu,2,0,600,1
adrinet.hr,2,0,0,2
adventure-rakela.com,2,0,0,1
agroburza.hr,2,33,1017,2
agroinfonet.com,2,26,286,1
agroklub.ba,2,21,4918,1
akademijaroditeljstva.com,2,57,3093,1
alexandar.org,2,0,2,1
algoritamcasino.com,2,0,600,1
aminess.com,2,10,210,1
apprrr.hr,2,0,22,2
archivesportaleurope.net,2,0,34,1
arenacentar.hr,2,0,24,2
arrivatravel.hr,2,0,0,1
art-anima.com,2,50,610,2
astropsychecenter.com,2,14,1230,1
astrosavjetnik.hr,2,1752,53664,1
atlanticgrupa.com,2,0,22,2
autocheckcenter.hr,2,17,1329,1
automotosvijet.com,2,65,909,1
balkandzije.net,2,0,0,1
bandsintown.com,2,0,6840,2
bankazlata.com,2,130,3522,1
banovinahorosan.com,2,46,670,2
barmen.hr,2,22,1748,2
beatus.hr,2,1,645,2
belje.hr,2,0,4,2
besiktasarena.com,2,0,142,1
bestpractice.hr,2,0,2,1
bhvedu.com,2,26,630,2
bibliotekaxxvek.com,2,0,2,2
biganimal.net,2,0,26,1
bijeljinaturizam.com,2,0,2,2
bistricki-zvukolik.com.hr,2,0,4,1
bitno.hr,2,1036,33807,1
bizg.hr,2,79,1417,2
blitz-cinestar.hr,2,2633,76023,2
bonafidesinvest.eu,2,294,5118,2
bonjour.ba,2,31,10812,1
bookaleta.com,2,126,1912,1
booking.com,2,0,0,2
brckodanas.com,2,153,1611,2
brckovljani.hr,2,0,0,2
budifrajer.info,2,50,1320,1
budislobodan.com,2,22,990,1
businessedgedesigns.com,2,992,44568,1
casinoponude.com,2,0,600,1
cce.hr,2,1315,18747,1
cert.hr,2,47,1305,2
cg-fudbal.com,2,22,1014,2
chorvatskoubytovanie.net,2,0,0,1
cicinails.hr,2,0,600,2
cinehill.eu,2,0,600,1
cockta.eu,2,0,2,1
comes.de.poglizza,2,303,7110,1
creativesociety.com,2,0,204,2
crimesofcommunism.net,2,807,11085,1
croatiarediviva.com,2,0,0,2
cybersafety.hr,2,0,600,2
czk-cakovec.hr,2,0,2,1
d-a-r.hr,2,8,288,1
daliborkovacec.com,2,0,600,1
dbv.hr,2,0,600,1
debbieschlussel.com,2,0,12,1
degrad.hr,2,0,0,1
demosmedia.hr,2,93,2559,2
dermalogica.hr,2,33,1451,2
desavanjaubijeljini.com,2,0,46,2
dioptrija.hr,2,28,966,2
direkt-informator.hr,2,9,117,1
djecaci.net,2,0,0,1
djecji-vrtic-drnis.hr,2,0,0,1
doktor-online.hr,2,434,6894,1
domomladine.org,2,51,749,1
domovina.info,2,54,560,1
duhovnaakademija.com,2,11,699,2
dvapapira.hr,2,0,0,1
eduza.hr,2,0,2,1
eiz.hr,2,0,0,1
elevate.hr,2,0,0,1
energetskipsiholog.org,2,0,0,1
etrebinje.com,2,15,2671,2
femix.info,2,1,47,1
ffri.hr,2,0,2,1
ffrz.hr,2,32,1170,1
ffzg.hr,2,0,42,1
fixyourdlp.com,2,0,32,1
fizzit.net,2,0,0,1
flowsummitcroatia.com,2,26465,479145,2
fluminensia.org,2,592,24948,1
fokus24.eu,2,0,600,1
franjevci-st.com,2,37,711,1
franjevcitrecoredci.hr,2,866,15126,1
galaksija.hr,2,0,4,2
garevac.net,2,2,90,2
garmin.com,2,0,16440,2
gdck-sibenik.hr,2,0,0,1
geologia-croatica.hr,2,0,2,2
givingbalkans.org,2,241,3523,2
gligora.com,2,0,6,1
glomazniotpad.com,2,0,0,1
goo.hr,2,16,180,2
google.cat,2,0,588,1
gosimple.hr,2,186,3296,2
gracanicaonline.info,2,39,1783,1
guster.com.hr,2,0,0,2
gw-world.com,2,0,156,2
happyfm.hr,2,0,600,1
harisislamcevic.com,2,93,1017,2
havc.hr,2,34,690,2
hciti.hr,2,0,0,2
hdzbih-zsb.org,2,88,1080,1
hep.hr,2,0,660,2
hfd.hr,2,0,26,1
hgi-cgs.hr,2,0,0,2
hgm.hr,2,0,0,1
hiaworkshop.com,2,65,2925,1
hiking.croatia,2,1867,12308,1
home.blog,2,229,12789,2
hotel-turist.hr,2,0,0,1
hotelkaj.hr,2,9,411,2
hotmart.host,2,0,600,2
hr.asia,2,0,0,2
hrsbih.org,2,3515,154595,2
hrvatskarijecunizozemskoj.org,2,0,0,1
hrvatskazazivot.com,2,19,279,1
hsan.hr,2,0,2,1
hsmuzej.hr,2,24,774,2
hsp1861.hr,2,704,9072,1
hst.hr,2,0,0,1
hts.hr,2,0,0,1
hub.hr,2,0,4,2
hulu-split.hr,2,0,0,2
humanrightsfestival.org,2,312,3582,2
hzhm.hr,2,0,0,1
i1info.net,2,28,688,1
ideaputovanja.hr,2,1352,31392,1
ief.hr,2,0,0,2
igre123.net,2,0,72,2
ijf.hr,2,0,18,1
imightbewrongblog.com,2,167,2763,1
independent-bh.com,2,0,600,1
info-danas.com,2,0,600,1
info-puls.hr,2,0,0,2
infodata.hr,2,0,0,1
infoveza.com,2,54,2076,2
infovrsar.com,2,0,4,2
inkluzija-sibenik.hr,2,0,0,2
inkluzija.hr,2,40,1152,2
inkubator.hr,2,32,360,1
ipokloni.com,2,0,0,2
islamska-zajednica.hr,2,0,0,1
istocnabosna.com,2,28,1228,2
istrage.hr,2,25,1089,2
istria-culture.com,2,20,282,2
istriasun.com,2,2,108,1
ivanlovrenovic.com,2,101,2241,1
izdvojeno.site,2,0,0,2
izleti.hr,2,20,1248,1
jamosnews.com,2,0,18,1
jarac.hr,2,0,600,1
javnost.hr,2,243,3771,1
jelenmusicshow.com,2,290,2990,2
jobmonkeyjobs.com,2,0,28,1
journaldeluxe247.com,2,4,108,1
jrs.net,2,21,339,1
kaca.brajevic,2,0,6,2
kaptolcinema.hr,2,2064,54354,2
karmelbsi.hr,2,0,4,1
katedraladubrovnik.hr,2,62,1674,1
keindl-sport.hr,2,0,60,1
keplerunited.org,2,197,5613,2
kjpanorama.eu,2,0,0,1
klub-susacana.hr,2,38,1278,1
knjigaimena.com,2,1,61,1
knjiznica-daruvar.hr,2,0,0,1
ko-fi.com,2,6,11130,2
kockavedrine.com,2,0,0,1
kojiauto.hr,2,8,180,2
kompare.hr,2,0,60,1
kosinj.com,2,1055,15297,2
kpd-sloga.hr,2,0,0,2
krapina.hr,2,0,0,1
krizari.hr,2,1,45,2
kronospan.com,2,0,600,1
krusnica.com,2,0,600,1
kucaljudskihprava.hr,2,0,0,1
kuzinavanje.com,2,0,0,1
kuzma-kovacic.from.hr,2,2,690,1
kvadrat.hr,2,0,0,2
laburisti.com,2,2,54,1
lacuna.hr,2,0,12,2
letkomat.hr,2,0,96,1
lisinski-bj.hr,2,27,279,2
listacasina.com,2,0,600,1
ljekarna.hr,2,0,52,1
ljekarnatalan.hr,2,0,0,2
ljekarne-dvorzak.hr,2,0,2,1
lokve.hr,2,3,135,1
lovezagreb.hr,2,243,8199,2
lstore.hr,2,0,0,2
lugera.hr,2,0,600,2
m.kimono,2,0,5,1
madeinmontenegro.com,2,2,60,1
magazin.hr,2,0,3816,1
magicbaby.hr,2,90,1726,1
magicbaloni.hr,2,0,0,2
majawu.eu,2,5,225,2
makarska-post.com,2,0,0,1
maminkutak.com,2,0,0,1
mana.hr,2,0,6,1
mariolab.hr,2,23,1347,1
medium.com,2,764,14448,1
meetup.com,2,10904,413490,2
meteo-info.hr,2,30,960,2
microsoft.com,2,3,147,2
millioninvestor.com,2,0,618,1
mimara.hr,2,24,436,2
mirovinsko.hr,2,0,294,2
misijamission.hr,2,0,600,1
misljenja.hr,2,28,1260,2
mistertrufa.net,2,0,0,1
mladi-eu.hr,2,0,0,2
mladibl.com,2,12,558,2
mobilnost.hr,2,0,36,1
mobis.hr,2,20,2653,2
mooshema.com,2,1690,51248,2
mreza.hr,2,0,0,2
mrezerijeci.com,2,21,1041,1
multi-vitamini.com,2,0,6,1
muzej-turopolja.hr,2,0,0,1
muzej-vukovar.hr,2,0,0,1
muzevnibudite.com,2,4120,59942,2
mykajabi.com,2,0,20040,2
n-um.com,2,5289,79701,1
najnovije.me,2,115,8006,1
naklada-benedikta.hr,2,85,2097,2
nastjacool.com,2,408,6804,1
nazdravlje.hr,2,0,600,1
ndcosijek.hr,2,0,0,2
ndnv.org,2,1528,17390,2
nekretnine-mojdom.com,2,408,16722,2
neostar.com,2,0,48,1
neslanovac.hr,2,89,999,2
netlify.app,2,0,0,1
newsline.news,2,0,26,1
niskogradnjapregrada.hr,2,0,2,2
nn.hr,2,0,420,2
nocmuzeja.hr,2,0,0,2
normabel.com,2,1630,27210,1
nova-akropola.com,2,184,3892,2
novska.in,2,373,4203,1
npscp.info,2,5,117,1
nuntius-dubrovnik.com,2,0,0,2
nzjz-split.hr,2,0,12,2
obavestavamo.info,2,0,0,1
oddsdigger.com,2,0,28,2
odgovorno.hr,2,12,540,2
oicanadian.com,2,0,456,1
onenastupaju.hr,2,251,4677,1
onetapplay.com,2,0,2,1
opcina-sali.hr,2,0,2,1
opcina-vludina.hr,2,0,0,2
openhours.hr,2,0,0,1
orebic.hr,2,0,2,2
oris.hr,2,0,0,2
os-novska.hr,2,0,0,2
otpbanka.hr,2,0,366,2
otporas.com,2,0,4,1
outback-bag.com,2,0,0,1
ozna.info,2,3,135,1
par.hr,2,0,0,2
pauza.hr,2,0,120,1
pcelinjak.hr,2,63,747,2
pd-glasistre.hr,2,0,4,1
petracutuk.com,2,164,6480,1
petrinjskiradio.hr,2,564,21026,2
pisjournal.net,2,21,609,1
pitajmamu.hr,2,19,405,1
pitomi.hr,2,0,4,2
playstation.com,2,14,47454,1
poklonime.hr,2,0,0,1
poliklinika-harni.hr,2,1820,48438,1
poljoprivredni-forum.com,2,0,34,2
pomorac.net,2,264,3746,1
pomurec.com,2,17,3432,2
porsche.com,2,0,7200,1
pp-lastovo.hr,2,14,594,1
pp-ucka.hr,2,0,6,2
preporuke.hr,2,0,600,1
prglas.com,2,0,4,1
print24.com,2,0,282,1
promjenu.com,2,315,5571,2
prst.rs,2,295,12696,1
put-istina-zivot.com,2,48,516,1
putokaz.eu,2,207,5823,1
putolovac.com,2,0,600,1
qanator.com,2,0,108,1
radiodelta.hr,2,0,0,2
radiogrude.net,2,0,0,1
rasadnik.fyi,2,148,1836,1
rasco.hr,2,0,2,2
refikhrvic.net,2,13,589,2
rep.hr,2,8,336,2
ribafish.com,2,821,10509,1
rif.hr,2,0,4,2
rijekaheritage.org,2,0,0,1
riotintoserbia.com,2,40,1046,1
rivieracrikvenica.com,2,0,0,2
rportal.eu,2,312,2890,1
runjanina.hr,2,0,0,1
sanela.info,2,1,45,2
sanitat.hr,2,9,409,1
sasina.info,2,57,585,1
savjeti.hr,2,45,999,2
sdlsn.hr,2,0,0,2
securitas.hrvatska,2,23,31,1
senoa.eu,2,9,243,1
serbia-energy.eu,2,0,2,1
serdarusic.com,2,22,522,2
shkm2026.hr,2,51,1239,2
sigurnestaze.com,2,138,2594,1
sigurnomjesto.hr,2,0,0,2
simun-emanuel.hr,2,458,4432,2
sisak.hr,2,0,6,1
skcns.org,2,0,2,1
skd-prosvjeta.hr,2,160,3080,1
skmer.hr,2,117,1433,2
skoda.hr,2,0,18,2
slobodnaevropa.org,2,53,2115,1
slunj-rastoke.hr,2,4,108,2
smh.hr,2,0,0,1
snaga-za-zivot.hr,2,0,0,1
snap.hr,2,0,12,2
solgar.hr,2,22,1002,1
solidarna.hr,2,938,10822,1
sparkchronicles.com,2,0,78,1
sport.klub,2,6624,45990,2
sportnedjeljom.hr,2,0,0,2
srbijaizbori.com,2,0,0,1
srpskanews.com,2,0,0,2
ssgo.hr,2,6,272,2
stari-grad-faros.hr,2,0,4,1
startup-udruga.hr,2,0,4,1
stormfront.org,2,0,240,2
strukturnifondovi.hr,2,0,12,2
stubicketoplice.hr,2,0,0,1
sudovi.hr,2,0,84,2
superradio.hr,2,0,0,1
svetapetka.info,2,2552,31146,1
svjetlost.hr,2,0,10,2
tarot-horoskop.com,2,0,4,1
tba.hr,2,75,3339,2
technomarket.hr,2,0,2,1
tehnix.hr,2,304,11088,2
teologijatijela.com,2,1,45,1
teslasciencefoundation.org,2,0,4,1
thebestshop.hr,2,0,0,1
theworldnews.net,2,0,600,1
threadreaderapp.com,2,0,3360,2
ti-si-sunce.hr,2,0,0,1
tomislav.grmovsek,2,87,1854,2
tomislavjonjic.iz.hr,2,96,2758,2
trafika.hr,2,295,5195,2
travnik-grad.info,2,0,0,2
trogir.hr,2,0,2,2
tucepi.hr,2,0,0,1
tudjman.hr,2,47,1611,2
tvornicazdravehrane.com,2,307,8217,1
udruga-bas.hr,2,66,2936,1
ugljan.hr,2,0,600,1
unit.hr,2,0,600,1
usred.hr,2,16,252,1
usvprh.hr,2,27,387,2
uu88.design,2,0,600,1
uzagorju.com,2,0,6,2
vegora.hr,2,0,0,1
velux.hr,2,0,12,1
virovitica.info,2,17,225,2
virtuabit.hr,2,0,0,2
vitashop.hr,2,0,6,2
vlak.tomica,2,248,4844,1
vollo.hr,2,0,0,1
volvocars.com,2,0,6000,1
vzg-jastrebarsko.hr,2,0,0,1
wolt.com,2,0,9000,2
xpress.hr,2,0,314,2
zadi.hr,2,32,648,2
zagreb-pride.net,2,0,4,1
zaklada-ana-rukavina.hr,2,0,0,2
zaklada-brac.hr,2,0,0,1
zamakduse.net,2,131,1989,1
zastita-prirode.hr,2,0,0,2
zdravzivot.com.hr,2,0,0,1
zelda.hr,2,0,4,1
zgradonacelnik.hr,2,256,4236,1
zivotubalansubynina.com,2,66,1302,2
znaci-vremena.com,2,7,315,1
zrs.hr,2,0,0,2
zupa.hr,2,0,6,1
zupajastrebarsko.hr,2,0,0,1
zutestranice.hr,2,20,690,1
24sedam.rs,1,248,18647,1
275map.net,1,0,300,1
45lines.com,1,0,1,1
aboutyou.hr,1,0,204,1
abrakadabra.com,1,0,36,1
ac-page.com,1,0,420,1
academia-cravatica.hr,1,0,1,1
academlink.com,1,0,0,1
adasailingclub.com,1,39,759,1
addiko.hr,1,1805,61773,1
adomnia.net,1,0,0,1
adonai-studio.com,1,216,9984,1
adriaticluxuryvillas.com,1,25,483,1
adriaticsailor.com,1,0,0,1
adventistivrapce.com,1,0,300,1
adventzagreb.hr,1,114,2703,1
agents24.com,1,1,48,1
aglomeracijarijeka.eu,1,24,884,1
agm-blog.com,1,3,81,1
agm.hr,1,0,0,1
aipp.education,1,146,2106,1
ak-rijeka.hr,1,25,1091,1
aktualno.com.hr,1,0,0,1
akv.hr,1,0,300,1
al-ko.com,1,0,26,1
aladizajn.com,1,0,0,1
alanuzelac.from.hr,1,0,300,1
albidus.hr,1,0,0,1
allatra.org,1,0,8,1
allatraunites.com,1,0,60,1
alloggio-croazia.com,1,0,0,1
alternativna.com,1,42,1854,1
amds.hr,1,0,0,1
amplitudemagazin.com,1,0,1,1
amzd.hr,1,0,0,1
ana.in.mamaland,1,23,854,1
andjeo.com.hr,1,0,0,1
andrijanaristic.com,1,58,1236,1
andrijapanic.com,1,0,300,1
anezi-official.com,1,0,0,1
angellum.hr,1,205,3063,1
anime-planet.com,1,0,5850,1
answers.com,1,0,5070,1
antenor.hr,1,13,549,1
antikvarne-knjige.com,1,0,6,1
apartmani-juric.com.hr,1,1,345,1
apartmani-meic-pirovac.hr,1,0,0,1
apple.com,1,0,264300,1
archive.org,1,0,69300,1
archytele.com,1,0,24,1
arhivpro.hr,1,0,0,1
arijanova.hr,1,0,0,1
arimathealand.hr,1,16,876,1
aromahominis.hr,1,6,270,1
ars-organi-sisciae.com,1,9,189,1
arteist.hr,1,3,105,1
artemoda.hr,1,0,300,1
artstudiolaurarainbow.hr,1,0,300,1
astrobalans.com,1,0,300,1
astrocentar.net,1,3286,124500,1
astrodrom.hr,1,103,1125,1
astroregulus.com,1,148,1620,1
asusplus.hr,1,227,6525,1
atletskiklubagram.hr,1,85,1090,1
atmaveda.org,1,213,2397,1
audi.hr,1,0,18,1
augs.art,1,0,300,1
aukcije.hr,1,9,1258,1
aurea-fest.com,1,15,603,1
auslandcasinoch.com,1,0,300,1
autoeurope.hr,1,1,45,1
automania.com.hr,1,1,45,1
autonet.hr,1,9,261,1
autostil.com.hr,1,0,0,1
avtokampi.si,1,15,3841,1
ayugarden.com,1,176,3170,1
ayurveda4you.net,1,0,0,1
ayvens.com,1,0,300,1
az-palma.hr,1,0,0,1
azoo.hr,1,1,74,1
b-media.hr,1,6,234,1
b.dent,1,2,344,1
b.nicole,1,8,482,1
bajkonur.eu,1,0,2,1
bak.hr,1,4,181,1
balet.com.hr,1,0,0,1
balkanfun.travel,1,38,1576,1
banjaluka.news,1,0,0,1
baranjskikulen.hr,1,0,0,1
batprodajnicentar.hr,1,0,0,1
bazeni-varazdin.hr,1,0,2,1
bazzar.hr,1,1,6063,1
becharusha.hr,1,0,0,1
belavjohn.com,1,0,0,1
belimo.com,1,0,93,1
belosa.info,1,31,1055,1
benediktinke-zadar.com,1,0,0,1
beonsavjetovanje.hr,1,9361,258897,1
berlinskimagazin.com,1,113,1253,1
betlehem.hr,1,30,522,1
bhaktimarga.hr,1,39,1623,1
bible.com,1,7,5559,1
biblegateway.com,1,21,25077,1
biblijski-krscani.com,1,326,10476,1
bicro.hr,1,0,0,1
bihlink.com,1,0,1,1
biker.hr,1,100,1575,1
bilice.com.hr,1,0,0,1
biljkeplants.com,1,775,18783,1
biorama.net,1,56,1623,1
bipaparfemi.hr,1,52,1026,1
biskupija-porecko-pulska.hr,1,0,2,1
bitchute.com,1,0,14370,1
bitomat.com,1,0,300,1
bizhat.com,1,2,240,1
bjelovar.hr,1,17,550,1
blackretols.com,1,0,300,1
blog.hr,1,2,774,1
blogfa.com,1,0,9810,1
blue-dahlia.net,1,0,0,1
bmw.hr,1,0,3,1
bodulija.net,1,0,6,1
boginjalotosa.com,1,29,549,1
bojkot-mpt.site,1,0,300,1
bolnica-bistra.hr,1,0,3,1
bolnica-vrapce.hr,1,0,0,1
bonduelle.hr,1,184,4051,1
bonifarm.hr,1,0,0,1
bonum-app.com,1,325,14625,1
booke.hr,1,37,639,1
bookmarklethq.com,1,0,0,1
bor030.net,1,198,7903,1
borak.info,1,55,1181,1
bosch-home.hr,1,0,3,1
bosnainfo.ba,1,0,398,1
boutique.hr,1,0,300,1
bozjapobjeda.hr,1,1142,14238,1
bportal.icu,1,0,6,1
brankomijic.com,1,1486,25272,1
brillbird.com.hr,1,0,0,1
brodradio.com,1,0,300,1
bswireless.hr,1,14,643,1
budicool.hr,1,0,19,1
budnidiv.net,1,24,696,1
burzahrane.hr,1,0,2,1
buymeacoffee.com,1,0,4830,1
c3park.com,1,0,0,1
cakom.hr,1,0,0,1
call-my-agent.com,1,0,300,1
camino.croatia.pu,1,607,7833,1
canon.hr,1,0,15,1
cas.hr,1,0,0,1
casino.com,1,0,300,1
censor.net,1,5,5649,1
cepinonline.com,1,9,594,1
chipstars.bet,1,0,27,1
ciampeathehomedesignings.com,1,0,54,1
cimerfraj.hr,1,11,201,1
cinema-xxi.com,1,0,3,1
cineplex8.com,1,0,2,1
cipele46.org,1,0,0,1
cipro.hr,1,0,0,1
cir.hr,1,136,1800,1
cirkulacija2.org,1,0,1,1
cistoca-split.hr,1,0,1,1
citadelalibri.com,1,397,11925,1
civilcourage.hr,1,0,2,1
ckim.hr,1,0,300,1
cocinasiris.com,1,0,300,1
cok.hr,1,22,306,1
colgatepalmolive.hr,1,0,300,1
combis.hr,1,43,438,1
cotrugli.org,1,0,3,1
couponscorpion.com,1,0,630,1
creativityalliance.com,1,0,0,1
croatiaairlines.com,1,0,72,1
croatiacvjecarna.com,1,0,0,1
crobitcoin.com,1,18,381,1
crogallop.com.hr,1,0,0,1
crolens.hr,1,1,345,1
cromuscodex70.com,1,25,441,1
crorec.hr,1,1,48,1
croskate.hr,1,0,0,1
croski.hr,1,0,1,1
crs-festival.com,1,0,0,1
cryptogramer.com,1,0,300,1
cryptoupdates.site,1,0,300,1
cs.hr,1,0,1,1
currentschoolnews.com,1,0,990,1
cyberfolks.hr,1,2,519,1
czk-brac.hr,1,0,300,1
czk-novi-zagreb.hr,1,2,55,1
dailymotion.com,1,0,50400,1
damijan.org,1,19,857,1
damijaw.com,1,0,0,1
danas.rs,1,2757,8453,1
dance.hr,1,64,2730,1
danibeba.com,1,0,0,1
danica-gomilanovic.com,1,0,300,1
danko.komljenovi,1,3665,48100,1
dariah.hr,1,0,0,1
darijabambur.com,1,0,300,1
daruvarske-toplice.hr,1,0,1,1
dejtingzona.com,1,0,300,1
dekla.hr,1,0,300,1
delicious.istrian.restaurants,1,62,620,1
delmerion.hr,1,0,0,1
demokrscanihds.hr,1,0,0,1
dep.life,1,0,0,1
designdistrict.hr,1,0,3,1
devetka.rs,1,3,1708,1
devimohan.com,1,0,300,1
dhsp.hr,1,8,126,1
digitalfoto.com.hr,1,192,8641,1
dijalog.hr,1,1506,21504,1
dijana.duhovnostupraksi,1,5076,119200,1
dinaemel.com,1,36,684,1
diopter.hr,1,173,7785,1
discogs.com,1,0,14700,1
djeca.hr,1,14,378,1
djecjakuca.hr,1,72,1404,1
dobarportal.net,1,22,434,1
docatsplit.com,1,3,63,1
doctorelamlaki.com,1,0,300,1
dok.vladimir,1,2,170,1
dolinalasve.info,1,2,66,1
doljani.info,1,30,307,1
domacica.com,1,0,2,1
domagoj.semper.pr,1,16,369,1
domagojsever.com,1,106,1440,1
dormeo.ba,1,34,10207,1
draganprimorac.com,1,328,7662,1
drevni.ent,1,1266,39300,1
drugastrana.info,1,1,45,1
drum.hr,1,17,442,1
drustvo-podrska.hr,1,0,0,1
drvona.hr,1,0,2,1
dugineobitelji.com,1,1062,11862,1
dugiotok.hr,1,0,3,1
dukat.hr,1,13,480,1
dumus.hr,1,227,7713,1
duna.academy,1,0,300,1
dvaosam.com,1,2,54,1
e-belgrade.net,1,0,2,1
e-ivanec.com,1,0,0,1
ebrcko.net,1,0,0,1
ecco-verde.hr,1,0,3,1
educamix.hr,1,0,0,1
eduidea.org,1,0,300,1
edusinfo.hr,1,0,6,1
eferrit.com,1,6,1290,1
effie.hr,1,0,0,1
eitb.eus,1,0,1050,1
eko-vest.com,1,27,569,1
ekokucamagazin.com,1,0,1,1
ekumena.org,1,0,0,1
electroluxprofessional.com,1,0,84,1
encian.hr,1,0,3,1
eneos.hr,1,0,0,1
energyhouse.life,1,58,2611,1
epc.hr,1,0,0,1
ericsson.hr,1,59,1434,1
espreso.rs,1,475,18759,1
etnoparkzagreb.com,1,52,1602,1
etrafika.net,1,0,3,1
euforija.online,1,5646,99400,1
euro-interijeri.hr,1,0,1,1
euro-unit.hr,1,0,1,1
euro.hr,1,1493,35510,1
eurobizcentar.com,1,0,300,1
euroliber.hr,1,0,1,1
europeanshortstory.org,1,433,18279,1
evolution.next.level,1,62,620,1
exactexchanger.com,1,0,300,1
f.gusstavo,1,4183,148700,1
f1-bih.com,1,0,11,1
factum.com.hr,1,0,0,1
falundafa.hr,1,0,300,1
faluninfo.eu,1,13,549,1
fandom.com,1,0,236100,1
fashion-shop.com.hr,1,0,0,1
feelmedjugorje.com,1,61,1641,1
feral.bar,1,39,1531,1
festivaldrvenihkapela.com,1,104,2286,1
filaks.hr,1,0,0,1
filmoklik.org,1,0,300,1
filmoviplex.com,1,0,1350,1
finalekodamigdale.com,1,0,0,1
financijskapismenost.club,1,35,351,1
findhealthclinics.com,1,0,360,1
firmus-grupa.hr,1,241,10353,1
flekosteelbalzam.com,1,0,0,1
fliphtml5.com,1,1,4605,1
flixbus.hr,1,0,29,1
format88.com,1,0,0,1
fortenova.hr,1,0,0,1
fotoklubrijeka.hr,1,0,0,1
fotozine.org,1,0,1,1
foxnews-us.com,1,0,3,1
foxtv.hr,1,0,1,1
fpz.hr,1,0,72,1
frama-portal.net,1,0,3,1
framost.com,1,2,54,1
franjevke-dubrovnik-dance.net,1,4,72,1
franjo-tusek.from.hr,1,0,0,1
frankopani.eu,1,1,48,1
freekaamal.net,1,16,361,1
frendica.online,1,0,9,1
fresh.hr,1,0,0,1
frshows.info,1,0,0,1
ftidi.hr,1,7,315,1
funtana.com,1,4,183,1
futura4u.hr,1,291,11997,1
fuzine.hr,1,0,3,1
fx-files.com,1,17,767,1
fxstudio-foto-video.hr,1,111,5295,1
gajba.hr,1,3,99,1
galileobar-rijekaac.com.hr,1,0,0,1
gastro-branimir.com,1,193,7041,1
gavrilovic.hr,1,0,1,1
gdckbnm.hr,1,24,540,1
gdenamore.com,1,10,7954,1
gemini-homes.hr,1,0,300,1
geni.com,1,0,1704,1
getbybus.com,1,11,693,1
ghetaldus.hr,1,7,321,1
girotondo.com.hr,1,0,0,1
glagoljica.blog,1,0,300,1
glazbenaskola-arija.hr,1,361,13833,1
gljz.hr,1,0,2,1
gloryday.eu,1,384,16086,1
gmv.hr,1,0,0,1
godtube.com,1,0,450,1
gohome.hr,1,0,51,1
gorenje.com,1,1,375,1
gospicko-senjska-biskupija.hr,1,0,0,1
gotquestions.org,1,18,4350,1
gpmaljevac.com,1,24019,391380,1
gradjevinski-dnevnik.com,1,2,354,1
grammaticus.blog,1,0,0,1
grigori-grabovoi.tech,1,3,435,1
gymbeam.hr,1,6,104,1
hagioterapija-samobor.hr,1,0,300,1
hayatmedia.bih,1,3676,159200,1
hcd.hr,1,0,0,1
hdsaprevodom.com,1,28,978,1
hdzbrckodistrikt.org,1,9,279,1
hdzvz.com,1,0,0,1
hedonism-tourism.org,1,67,1252,1
helendoron.hr,1,0,0,1
hellopoetry.com,1,0,222,1
helpmecovid.com,1,0,96,1
hercegovinapress.com,1,23,893,1
hervis.hrvatska,1,13,644,1
hgc.hr,1,0,0,1
hhdhyla.hr,1,0,0,1
hic-vijesti.hr,1,0,0,1
history.hr,1,2570,112284,1
historyfilmfestival.com,1,12,163,1
hkdnapredak.hr,1,28,972,1
hkm-graz.org,1,25,315,1
hmdk.hr,1,0,0,1
hmps.hr,1,7,99,1
hnk-gorica.hr,1,364,3818,1
hnk.hr,1,142,2199,1
hns.family,1,0,300,1
hodzazivot.hr,1,236,2844,1
hongoldonia.hr,1,8,325,1
hos-cvf.hr,1,64,624,1
hosman-nekretnine.hr,1,0,300,1
hotelikrk.hr,1,0,3,1
hotelsedlo.com,1,1,345,1
hpdmiv.hr,1,0,1,1
hpdplanik.hr,1,0,0,1
hrobos.hr,1,0,0,1
hromadske.radio,1,0,213,1
hronika.ba,1,0,258,1
hrprotestantskakonferencija.org,1,1,345,1
hrvati.hrvati,1,540,3921,1
hrvatska.kruna,1,160,2789,1
hrvatski-astroloski-radio.com,1,0,0,1
hrvatskiglas-berlin.com,1,0,6,1
hrvatskipravasi.hr,1,0,0,1
hrvatskiuzemljicudesa.hr,1,2,54,1
hrvojelojen.com,1,17,765,1
hrvzz.hr,1,0,0,1
hssr.hr,1,0,0,1
hsup.hr,1,0,0,1
htmlexaminer.com,1,0,1,1
hypetelevizija.hr,1,10991,85700,1
hzsn.hr,1,1,45,1
hzzo.hr,1,63,807,1
iarh.hr,1,0,0,1
icarushrvatska.hr,1,38,1170,1
ideaas.eu,1,0,0,1
igranje.hr,1,0,12,1
iju.hr,1,0,0,1
ilirijabiograd.com,1,0,2,1
imotskenovine.hr,1,10,129,1
in2.hr,1,0,1,1
inaessentials.hr,1,17,603,1
inbonafide.org,1,0,300,1
inc-stories.com,1,0,3,1
inet.hr,1,7,99,1
infobijeljina.com,1,182,3741,1
informer.rs,1,17,2193,1
inicijativa.hr,1,224,4392,1
insideout.hr,1,0,2,1
institut-ikra.hr,1,0,300,1
instrukcije-hr.com,1,0,2,1
integra.hr,1,6,235,1
integraledu.hr,1,0,1,1
interhome.hr,1,0,0,1
interview.ba,1,2,114,1
intrixcrm.com,1,505,22695,1
invista.hr,1,0,0,1
iot.hr,1,137,2871,1
ips-pljockanje.hr,1,0,0,1
isadorashop.hr,1,0,0,1
iskcon.hr,1,2,54,1
istiniteprice.com,1,0,0,1
istrapedia.hr,1,11,462,1
istriafilmcommission.com,1,105,1719,1
isusovcidubrovnik.com,1,7,399,1
it-odjel.hr,1,0,300,1
itp.hr,1,7,579,1
iva.radic,1,3,12179,1
ivanamyway.com,1,207,3279,1
ivanastulic.com,1,0,0,1
ivaninakucabajke.hr,1,0,0,1
ivanmerz.hr,1,2384,99612,1
ivoclar.com,1,0,0,1
ivonazivkovic.net,1,204,5816,1
izletnadlani.com,1,0,9,1
izprirode.xyz,1,11,297,1
jabuka-zagreb.com,1,0,0,1
jackjones.com,1,179,5313,1
jamaha-prom.com,1,22,606,1
japancroatia.org,1,131,1305,1
javacro.hr,1,0,0,1
javnanabava.hr,1,22,996,1
jelovnik.hr,1,0,17,1
jerusalemway.org,1,259,3213,1
jglobitelj.hr,1,44,885,1
joca.ratkovicccc,1,0,3,1
jotform.com,1,4,17550,1
journal.rs,1,1,726,1
jumbo.hr,1,0,0,1
juregrando.com,1,83,3765,1
jusp-jasenovac.hr,1,0,3,1
jutarnji.info,1,35,657,1
k.lukas,1,18,267,1
kagita-akademija.hr,1,54,1776,1
kajkaviana.hr,1,18,1110,1
kajsujelinasistari.hr,1,0,0,1
kakanj-x.com,1,17,2829,1
kalisara.hr,1,0,0,1
kamion-bus.hr,1,0,0,1
kapumorugospodnjem.com,1,27,1144,1
kastela-info.hr,1,0,3,1
katalaksija.com,1,40,1332,1
katolicka-gimnazija.hr,1,0,0,1
katolik20.com,1,312,5040,1
kava-likeri.com,1,10,750,1
kazaliste-tresnja.hr,1,0,3,1
kdvik-rijeka.hr,1,0,6,1
kera-term.hr,1,0,9,1
kerekesh.hr,1,0,300,1
kick-ass.eu,1,0,0,1
kinetic365.online,1,0,0,1
kino-edison.hr,1,0,300,1
kinoeuropa.hr,1,4,180,1
kkkarlovac.hr,1,24,828,1
klapa-barun.hr,1,0,0,1
kliker.club,1,61,981,1
klikfilm.org,1,0,3,1
klinicki-studio.com,1,128,2478,1
kliofest.hr,1,87,3447,1
kliofest.org,1,30,1314,1
klis.hr,1,0,0,1
klix.ba,1,30,520,1
kmm100.com,1,0,0,1
knjiga.hr,1,0,9,1
knjigaistine.com,1,200,5994,1
knjiznica-bjelovar.hr,1,0,0,1
knjiznica-novska.hr,1,0,0,1
knjiznicasolin.hr,1,0,1,1
kohopedagogija.com,1,0,0,1
kokolingo.hr,1,6934,177996,1
komikaze.hr,1,2,55,1
kompas.hr,1,0,0,1
konoba-bracera.hr,1,330,13519,1
kontrapress.com,1,0,1,1
korisnaknjiga.com,1,0,57,1
kosljun.hr,1,22,936,1
kotanyi.hrvatska,1,40,10200,1
kotor.travel,1,1,45,1
kozmos.hr,1,19,425,1
kraljeva-sutjeska.com,1,0,17,1
krauthaker.hr,1,0,1,1
kriticizam.com,1,1,48,1
kriticnamasa.com,1,70,2628,1
krizevci.tv,1,0,300,1
krozazamagljenozrcalo.com,1,16,432,1
krstionica.com,1,59,2289,1
ksz-zagreb.hr,1,0,0,1
kucanamoru.eu,1,79,1179,1
kuhajmo.eu,1,0,300,1
kuhaona.com,1,7,101,1
kulturanova.hr,1,0,0,1
kulturaprehrane.hr,1,0,1,1
kulturni-centar.hr,1,50,504,1
kutaknet.com,1,13997,142017,1
kuzd.hr,1,0,0,1
kvarner.hr,1,61,627,1
lakicvedran.sdp,1,31,28,1
lavalledeitempli.net,1,0,2,1
laxusspa.com,1,0,300,1
learnandjoy.com,1,32,1704,1
lektira.hr,1,0,3,1
lektoriranje.org,1,0,17,1
letterboxd.com,1,0,5610,1
leykam-international.hr,1,0,0,1
lhmacademia.com,1,0,0,1
libellus.hr,1,0,14,1
lider.events,1,0,1,1
liderlab.pro,1,0,300,1
lidlovakuhinja.hr,1,8,360,1
ligaprotivrakadrnis.hr,1,0,0,1
lightgadgets.store,1,0,0,1
lighthouses-croatia.com,1,3,82,1
limes.hr,1,0,6,1
lino.eu,1,0,1,1
linxpot.com,1,8,361,1
listography.com,1,0,450,1
livejournal.com,1,1,35445,1
livesoccerscores.net,1,0,0,1
ljekarna-dajkovic.hr,1,0,3,1
ljekarne-prima-farmacia.hr,1,0,15,1
ljepotestvaranja.com,1,5,417,1
ljiljanasaucha.com,1,34,918,1
ljubisa.petrovic.bn,1,294,383,1
llumar.hr,1,0,0,1
localguidesconnect.com,1,0,390,1
logos-centar.com,1,48,469,1
lokoportal.com,1,0,2,1
lokvina.hr,1,12,182,1
losinjza180.com,1,199,6741,1
lotos-nakit.com,1,16,729,1
lotusmedia.hr,1,176,5166,1
love.and.lemons,1,0,11,1
luciadzic.com,1,0,300,1
luckweeek.com,1,0,300,1
luetic-ginekologija.hr,1,0,300,1
luisanita.com,1,0,0,1
luminalumiereinstitute.com,1,413,17229,1
lush.hr,1,0,0,1
lzn-sve-epizode.com,1,0,108,1
macikriz.com,1,0,300,1
madjionicar.hr,1,0,1,1
make-up.hr,1,12,144,1
makronova.com,1,0,0,1
maleokice.com,1,0,0,1
mallisa.kozmetika,1,24,240,1
mamaklik.com,1,0,0,1
mamasminkerica.com,1,39,423,1
mamaumisiji.org,1,140,2982,1
maminamaza.com,1,21,225,1
maminosunce.hr,1,31,897,1
manuelradovanovic.com,1,15,645,1
mapei.com,1,0,225,1
mare-vrbnik.com,1,0,0,1
mariavisionmedjugorje.com,1,7842,104616,1
marieclaire.hr,1,0,300,1
marijapropetog.hr,1,15,495,1
marijinalegijapetrinja.com,1,662,9540,1
marina.vidojevic,1,17,709,1
markotop.online,1,0,300,1
marodi.com,1,0,0,1
marracosmetics.com,1,33,873,1
martimex.hr,1,0,1,1
marxist.com,1,0,210,1
mastercard.com,1,0,5760,1
math.hr,1,0,15,1
maticahrvatskavinkovci.hr,1,0,0,1
mba-croatia.com,1,0,0,1
meatrevoasalir.com,1,0,0,1
mediterras.eu,1,5,489,1
medjugorje-info.com,1,76,3270,1
medulinfm.com,1,0,1,1
megashop.hr,1,0,6,1
mensa.hr,1,0,0,1
metabolic-friendly.com,1,0,300,1
metal-archives.com,1,0,2133,1
metricscat.com,1,0,3,1
mfa.hr,1,0,3,1
mgardenuzice.com,1,337,9021,1
mhk.hr,1,0,0,1
mi.com,1,0,32100,1
mi.hr,1,0,63,1
milaloncar-umjetnica.hr,1,294,3252,1
mireillelab.com,1,0,300,1
miroslavskender.com,1,1359,45165,1
misao.hr,1,0,11,1
misija-nawanatau.com,1,116,1560,1
misije-djakovo.com,1,1013,22923,1
mislavgleich.com,1,455,15933,1
miss-universe-croatia.hr,1,0,1,1
miss.hr,1,0,0,1
mkzivotdaklebiraj.com,1,41,405,1
mladenjovic.com,1,0,300,1
mladi-dbk.com,1,138,2034,1
mladi.varadinske,1,407,4175,1
mladisplit.com,1,10,217,1
mobil.hr,1,0,1,1
modernist.hr,1,359,16119,1
modrus-kcs.hr,1,42,2172,1
mojatvrtka.net,1,0,0,1
mojprozorsvjetla.com,1,0,300,1
molitva.hr,1,0,3,1
molitvenik.online,1,0,0,1
mondo.zabava,1,6268,279700,1
monsterenergy.com,1,0,360,1
moonofshanghai.com,1,0,3,1
moramo.hr,1,630,13602,1
more.hr,1,0,0,1
most.hr,1,0,0,1
mostarsummerfest.com,1,0,2,1
motherwomanqueen.com,1,20,612,1
motivacioneprice.com,1,0,0,1
mr.bean,1,0,17,1
mrms.hr,1,0,6,1
msckrstarenja.com,1,0,6,1
mstart.hr,1,0,15,1
mtvlex.com,1,3,90,1
multipluscard.hr,1,0,2,1
musicanota.hr,1,0,0,1
muziker.hr,1,3,8628,1
mv-print.hr,1,163,7437,1
myporec.com,1,0,16,1
myprimarket.com,1,0,0,1
n.petrovic,1,1,12,1
najbolji-recepti.com,1,1298,25998,1
naklada-val.hr,1,0,0,1
nakladabombon.hr,1,0,0,1
namjestaj.hr,1,0,45,1
narodni.hr,1,40,510,1
natjecanje-papandopulo.org,1,894,25740,1
naukaireligija.com,1,1,46,1
nc-salata.hr,1,35,1575,1
ncld.org,1,0,42,1
nebom.dana.hrvatska,1,117,476,1
nedhamsonsecondlineviewofthenews.com,1,0,0,1
nelwinuy.com,1,0,300,1
nemo-casopis.com,1,49,1173,1
neradni-dani.com,1,0,45,1
newhealthcarenow.com,1,0,0,1
newsbar.hr,1,28,542,1
newstoday29.com,1,0,300,1
nezavisna-drzava-hrvatska.com,1,5,189,1
nezeljeni-ucinci-jw.org,1,0,300,1
nhentai.net,1,0,21480,1
nipp.hr,1,0,1,1
nonstopairductcleaningdallas.com,1,0,300,1
nos.hr,1,0,300,1
not.hr,1,0,0,1
nourishwellnesspro.com,1,0,300,1
novageneracija.org,1,0,300,1
noviglas.online,1,29,297,1
novinarnica.net,1,0,14,1
novostiinfo.com,1,0,0,1
numizmatika.net,1,125,3267,1
nutrienchance.com,1,0,300,1
obican.work,1,0,300,1
oblizeki.com,1,168,2304,1
obnasice.hr,1,0,0,1
obuchalka.org,1,0,1140,1
od.obraza.do.srca,1,59,4514,1
oglasnik.hr,1,0,3583,1
ognjen.online,1,37,687,1
ogulintales.com,1,45,585,1
okusi.eu,1,73,1617,1
oltnews.com,1,0,183,1
omc.hr,1,0,2,1
onceuponatimeincroatia.com,1,257,4473,1
onenewspage.com,1,0,360,1
onlinevesti.net,1,0,0,1
opatija21.hr,1,7,417,1
opcina-luka.hr,1,0,0,1
opcina-orle.hr,1,0,0,1
opcina-otok.hr,1,0,3,1
opcina-posedarje.hr,1,0,0,1
opcinamilna.hr,1,0,0,1
openedition.org,1,0,3000,1
optimizacijasajta.blog,1,0,300,1
ordinacija.hr,1,2,3292,1
organum-histriae.com,1,0,0,1
orgfree.com,1,16,918,1
oss-busevec.hr,1,0,0,1
osvnazor-pisarovina.hr,1,0,0,1
otk-ferdinandbudicki.hr,1,0,1,1
otpor.media,1,0,2,1
otvorena-znanost.hr,1,0,0,1
otvoreno-srce.hr,1,140,4926,1
outthere4u.com,1,0,2,1
pabkviz.rs,1,1,763,1
padrepio.hr,1,12,504,1
palatasnova.com,1,0,300,1
palilula.info,1,0,1,1
palmeprodaja.com,1,0,300,1
panpek.hr,1,0,1,1
pasionska-bastina.hr,1,65,2421,1
paulum-hr.com,1,140,1938,1
pavlini.com.hr,1,19,525,1
payhip.com,1,0,2730,1
pbscentar.com,1,0,300,1
pdfcookie.com,1,0,990,1
perkovic.hr,1,0,0,1
pert.hr,1,0,1,1
petrabrzovic.com,1,0,0,1
photobook.hr,1,19,207,1
pijanitvor.com,1,11,523,1
pionir.hr,1,0,2,1
pjenaodmora-www.visionshop.rs,1,29,415,1
planetzoe.hr,1,0,0,1
planinarenje.hr,1,5934,107655,1
planinarimo.info,1,138,2208,1
plantagea.hr,1,153,6564,1
plehan.net,1,0,300,1
plenkovic.andrej,1,771,3096,1
pleroma.hr,1,26,1470,1
pleter-portal.hr,1,0,0,1
plinacro.hr,1,0,1,1
plinara-zagreb.hr,1,0,9,1
plus500.com,1,0,2250,1
pobijeni.info,1,0,2,1
pobjednici.com,1,92,4140,1
podbean.com,1,0,4080,1
podbiokovom.hr,1,2,354,1
podrum.hr,1,0,0,1
poduzetnik.com.hr,1,0,2,1
poemhunter.com,1,0,720,1
pointerstraveldmc.com,1,43,837,1
poistri.eu,1,218,9774,1
poklon-dobra-ideja.hr,1,0,0,1
polet.com.hr,1,4,72,1
poliklinika-aviva.hr,1,0,6,1
poliklinikacroatia.hr,1,1,48,1
poljica.hr,1,7,99,1
pollosari.com,1,0,0,1
popovaca.hr,1,0,0,1
porezna-uprava.hr,1,0,360,1
portaltrebinje.com,1,0,300,1
posaouturizmu.hr,1,0,2,1
posavski-vremeplov.com,1,17,207,1
poslovnaucinkovitost.eu,1,0,3,1
poslovne.com,1,0,6,1
pozitivanritam.hr,1,44,1622,1
pp-grabovaca.hr,1,0,0,1
ppd.hr,1,0,0,1
ppdiv.hr,1,0,300,1
pregledvesti.com,1,0,0,1
premanovomstvaranju.org,1,395,9693,1
preokret.info,1,30,477,1
priceizkanca.com,1,5,525,1
prijedordanas.com,1,18,750,1
primehomesale.com,1,0,300,1
primework.hr,1,0,300,1
princip.info,1,248,3279,1
prizma-foto.hr,1,0,25,1
proarh.hr,1,0,1,1
probudisegrade.org,1,21,543,1
profightstore.hr,1,0,96,1
project6.hr,1,0,3,1
promili.hr,1,0,18,1
proteini.si,1,6,17394,1
psc-ferencak.hr,1,0,1,1
psk.hr,1,0,288,1
pulafilmfestival.hr,1,0,6,1
puni.hr,1,0,1,1
putnik.namjernik,1,250,4145,1
ra-igra.hr,1,0,0,1
racunalo.com,1,108,2694,1
radin.hr,1,0,1,1
radio-jaska.hr,1,655,9551,1
radionica.hr,1,0,2,1
radioprijepolje.com,1,0,0,1
radiosirokibrijeg.com,1,0,4,1
radiozepce.com,1,0,1,1
radosnavijest.com,1,0,0,1
rajnabanovac.com,1,33,405,1
rale.djurdan,1,5,73,1
ralulogistics.com,1,0,1,1
rankglobe.com,1,0,30,1
ravenbreg.com,1,306,13062,1
readandchill.com,1,31,1299,1
rebeccalynnsturgill.com,1,0,0,1
rebootinfogamer.hr,1,0,1,1
recom.link,1,0,1,1
redtv.rs,1,95,18200,1
regent.hr,1,78,3630,1
reggaehr.org,1,31,603,1
religija.rs,1,0,1,1
relipogalerijama.com,1,3,363,1
rentacarmontenegro.com,1,0,1,1
rental-revolution.com,1,656,29280,1
rentay.me,1,7,421,1
ricocentre.com,1,0,0,1
rijeka2020.eu,1,169,1971,1
rino-institut.hr,1,0,0,1
ris-srbija.com,1,202,3108,1
ris.rendzeri,1,11,813,1
ritamskonjem.com,1,0,300,1
rival.hr,1,0,0,1
rivijera.hr,1,0,0,1
roomertravel.com,1,0,11,1
royalroad.com,1,0,2016,1
rpasd.hr,1,12,540,1
rtlpomazedjeci.hr,1,69,1503,1
rtvbn.com,1,35,1269,1
rtvmlava.com,1,51,1029,1
ru24.net,1,0,28,1
rudinapress.hr,1,30,309,1
rumble.com,1,0,23820,1
rumboeconomico.com,1,0,6,1
rusi-zagreb.hr,1,0,0,1
ruzicasti-blizanci.hr,1,1,345,1
safarek.com,1,0,0,1
salezijanci-kman.hr,1,0,300,1
samobor.com.hr,1,0,300,1
sapapsa.com,1,0,300,1
saransak.com,1,135,3071,1
savetizablogere.com,1,203,4449,1
scm.hr,1,0,300,1
scri.hr,1,382,4320,1
seat.hr,1,0,1,1
selmet.hr,1,0,0,1
senzogym.hr,1,5,225,1
sferakon.org,1,0,0,1
shop-in-zagreb.com.hr,1,0,0,1
shorthandstories.com,1,72,1626,1
show.hr,1,0,0,1
sibenik-tourism.hr,1,0,2,1
sigmakom.com,1,0,30,1
simonantonovic.com,1,0,0,1
skrolaj.com,1,10,450,1
sktorrent.eu,1,0,1530,1
slavica.de.jong,1,5774,6951,1
slike.com,1,3,3210,1
slim-me.eu,1,0,30,1
slimjoy.hr,1,0,0,1
slobodni.net,1,0,12,1
smjestaj.com.hr,1,0,18,1
smooth-collie.com,1,0,0,1
smsaj.com.hr,1,0,0,1
sobe-smestaj.com,1,0,33,1
socalsalty.com,1,0,2,1
sold.ier,1,0,3,1
soskanal.net,1,1,46,1
source-the-film.com,1,532,15222,1
spajz.com.hr,1,4,72,1
spanishcoasthomes.com,1,0,300,1
splitera.eu,1,0,0,1
sportmentum.net,1,0,300,1
sportomanija.com,1,0,300,1
sportskenovosti.hr,1,189,2731,1
sr-social-enterprise.hr,1,0,0,1
srcokret.com,1,81,2685,1
sretan-dan.hr,1,557,17595,1
srp.hr,1,23,462,1
sss-makarska.hr,1,0,0,1
starchannel-hr.com,1,0,300,1
staronormalno.com,1,33,621,1
stazagospisinjskoj.hr,1,1090,13746,1
steamcommunity.com,1,0,70500,1
stellamaris-naklada.com,1,2,54,1
stepincevasavica.org,1,134,2934,1
stjepan.gr,1,0,6,1
stolac.city,1,2226,22844,1
stopamapadrepija.hr,1,1,45,1
store.com.hr,1,0,3,1
stpaulcroatianchurch.org,1,474,21630,1
strawberrynet.com,1,0,540,1
streamtv4.com,1,0,0,1
stricivan.blog,1,0,0,1
stricivan.com,1,4,180,1
strigova.info,1,0,0,1
strucnistudiji.hr,1,0,300,1
studentski-pastoral.com,1,1,45,1
studioeuropa.online,1,0,0,1
studioteatar.com,1,13,453,1
stuh.hr,1,0,0,1
subotica.com,1,149,9482,1
substack.com,1,148,32370,1
superklik.hr,1,0,0,1
suzanin.svet,1,10,620,1
svafizika.org,1,29,694,1
svecenicki-marijanski-pokret.com,1,26,450,1
sveci.net,1,0,3,1
sveti-jeronim.org,1,0,0,1
svezapet.hr,1,0,0,1
svijet-krstarenja.hr,1,311,9910,1
svipopusti.hr,1,217,9767,1
svjetlo.vjere,1,3285,34200,1
svkatarina.hr,1,90,4062,1
svojaislobodna.com,1,0,300,1
svudapodji.com,1,0,1,1
techpark.hr,1,0,0,1
telolet.online,1,0,300,1
tena.yoga,1,0,0,1
terme-selce.hr,1,0,0,1
teslavision.tv,1,0,0,1
test.hr,1,0,300,1
thalassotherapia-opatija.hr,1,0,0,1
thats-gross.com,1,0,300,1
thelibyansclub.com,1,0,300,1
thelocal.com,1,32,687,1
themoviedb.org,1,0,9510,1
thrivingauthors.com,1,0,0,1
throne.com,1,0,300,1
tifloloskimuzej.hr,1,0,0,1
tip.ba,1,7,2235,1
tis-grupa.com,1,0,300,1
tmnt.hr,1,3,99,1
tntkids.tv,1,2,54,1
tokic.hr,1,154,1884,1
tome.hr,1,0,23,1
tomislavtomiccoaching.com,1,0,3,1
top-moda.hr,1,0,0,1
topdaily.news,1,12,840,1
topeventi.si,1,0,700,1
topradio.hr,1,0,300,1
topstil.com.hr,1,0,1,1
total-croatia.com,1,13,294,1
tradicionalnamisa.com,1,605,26956,1
transfermarkt.com.hr,1,0,15,1
transformator.global,1,520,18228,1
travel.blog,1,13,681,1
trending.network,1,0,6,1
trening.com,1,3186,40086,1
trgovina-krk.hr,1,39,1162,1
tribunj.hr,1,0,1,1
tropolje.info,1,81,1701,1
tuladesign.org,1,0,300,1
turbulencija.com,1,34,990,1
turizam-bilogorabjelovar.com.hr,1,0,0,1
turkhaber.com,1,0,300,1
tvhr.net,1,0,102,1
tz-barban.hr,1,0,1,1
tz-vinkovci.hr,1,0,0,1
tz-zupanja.hr,1,0,0,1
tzjelsa.hr,1,0,2,1
tzmatulji.hr,1,0,0,1
tzo-kostrena.hr,1,0,0,1
tzo-tkon.hr,1,14,180,1
tzpazin.hr,1,0,0,1
udemy.com,1,0,104100,1
udruga-point.hr,1,0,0,1
udruga-pragma.hr,1,7,279,1
udrugafranak.hr,1,2,54,1
uha.hr,1,319,3969,1
uhcsdr.hr,1,0,300,1
uimeobitelji.net,1,0,0,1
ukop-osijek.hr,1,0,0,1
uncyclopedia.info,1,0,141,1
underdreamskies.com,1,89,1288,1
unidu.hr,1,40,1082,1
unipu.hr,1,1,68,1
unison.hr,1,19,819,1
united-pop.hr,1,0,1,1
unizd.hr,1,0,54,1
unjobs.org,1,0,1590,1
upakovananostalgija.com,1,1,345,1
upoznajmo.hrvatsku,1,139,2657,1
usporedi.hr,1,0,2,1
usssantabarbara.org,1,49,2205,1
usvc.hr,1,0,0,1
utjesitelj.com,1,2,54,1
uzmi.one,1,10,308,1
uzorhrvatske.hr,1,0,0,1
valueagncy.com,1,0,300,1
vana.gojkovic,1,0,46,1
vanipedia.org,1,0,3,1
vares.info,1,0,0,1
varzakmed.hr,1,895,27183,1
vegeta.hr,1,621,15328,1
versuszone.com,1,0,6,1
vesnik.com,1,3,114,1
vestigo.hr,1,0,0,1
veterina.com.hr,1,0,27,1
veterinarstvo.hr,1,0,7,1
vicdana.rs,1,0,915,1
vicevi.hr,1,0,0,1
vidovitalea.com,1,5200,192204,1
vigorunmowingtank.com,1,0,300,1
vijesti24h.com,1,0,0,1
vilicomkrozhrvatsku.com,1,81,1038,1
vindija.hr,1,0,3,1
violeta.com,1,0,6,1
vir.hr,1,0,0,1
visit.hrvatska.du,1,21,2289,1
visitkanfanar.hr,1,0,300,1
visitkrk.city,1,0,300,1
visitpirovac.hr,1,0,300,1
visitslavoniabaranja.com,1,686,9273,1
visitsutivan.com,1,2,90,1
visnjabartolovic.com,1,1,345,1
vitapur.hr,1,2513,102849,1
vitezovi-bsm.hr,1,1,345,1
vivax.com,1,0,27,1
vjeronaucni-portal.com,1,0,6,1
vjerujem.hr,1,278,4494,1
vjerujemo.hr,1,1877,21789,1
vodovod.com,1,3,435,1
voice123.com,1,0,300,1
volim.hr,1,59,3548,1
voucher.rs,1,1,2108,1
vrijeme.net,1,19,2330,1
vrilo-mudrosti.hr,1,35,495,1
vrtlarica.hr,1,0,16,1
vsrh.hr,1,0,3,1
vutropedija.com,1,11,336,1
vvk.hr,1,0,1,1
wattpad.com,1,0,23010,1
wczasywchorwacji.net,1,0,0,1
webhitlist.com,1,0,1947,1
webinargeek.com,1,6,390,1
webovanje.com,1,0,300,1
welib.org,1,0,300,1
wellness.hr,1,21,909,1
welovemassmeditation.com,1,0,6,1
wikimedia.org,1,86,57720,1
win678.bio,1,0,300,1
wpcomstaging.com,1,0,1140,1
wsws.org,1,1,705,1
wwin.com,1,21721,493695,1
www.minber.ba,1,11,2125,1
www.vinkovci.com.hr,1,1,264,1
xenon-forte.hr,1,6,92,1
yacht-rent.hr,1,1,46,1
yu-nostalgija.com,1,93,1180,1
zaboljigrad.hr,1,30,984,1
zacini-inspiracije.hr,1,1716,33246,1
zadnjenovice.info,1,0,1,1
zadnjepolje.com,1,2,54,1
zagrebfilm.hr,1,0,3,1
zakladahvo.org,1,10,450,1
zakladasvdsavio.com,1,66,1080,1
zakladasvetamaravillasodisusa.hr,1,191,3213,1
zaks.hr,1,0,18,1
zalando.hr,1,0,165,1
zane.hr,1,0,2,1
zarez.hr,1,0,0,1
zbjl.hr,1,122,2304,1
zdravaisretna.hr,1,0,62,1
zef.hr,1,1592,67988,1
zeleni-osijek.hr,1,0,0,1
zelenilo.hr,1,0,2,1
zgh.hr,1,0,63,1
znanjejeutebi.com,1,9190,171390,1
zonadinamo.com,1,0,2,1
zoocity.hr,1,5,239,1
zoona.hr,1,6,90,1
zovplanine.com,1,1703,22887,1
zoyya.com,1,0,6,1
zpress.hr,1,0,0,1
zrno.vjere,1,246,2609,1
zs-kkz.hr,1,0,0,1
zsu-kc.hr,1,0,0,1
zumberak.net,1,4,480,1
zumzz.com,1,1,345,1
zupa-bezgresnog-zaceca-bdm.hr,1,0,300,1
zupa-gajnice.hr,1,0,2,1
zupa-marijagorica.hr,1,0,0,1
zupa-novoselo-balegovac.com,1,325,7425,1
zupa-pbd-marije.hr,1,52,2640,1
zupa-presvetog-srca-isusova.hr,1,102,1800,1
zupa-rogoznica.hr,1,5,135,1
zupa-surkovac.com,1,20,216,1
zupa-sv-petra-i-pavla.hr,1,0,300,1
zupa-svmarkaev.hr,1,36,1470,1
zupa-tijela-kristova.hr,1,2,90,1
zupa.sv.ilija.met,1,775,17300,1
zupaporec.com,1,1,45,1
zupasv.petra.ap,1,118,2551,1
zurnal.info,1,117,2148,1
zvezdegranda.net,1,0,3,1
zvonainari.hr,1,8,306,1
zvonimir.troskot,1,98,2072,1
