mjesec,godina,mjesec_redni,platforma,objave,interakcije,doseg,metrika_dostupna,lom_metode
2021-01,2021,1,web,11701,2161416,42239265,da,prije_promjene_obuhvata
2021-01,2021,1,facebook,771,143310,10781471,da,prije_promjene_obuhvata
2021-01,2021,1,comment,260,0,0,ne,prije_promjene_obuhvata
2021-01,2021,1,twitter,112,675,40903,da,prije_promjene_obuhvata
2021-01,2021,1,forum,16,0,0,ne,prije_promjene_obuhvata
2021-02,2021,2,web,6619,786854,15987206,da,prije_promjene_obuhvata
2021-02,2021,2,facebook,289,34131,2650677,da,prije_promjene_obuhvata
2021-02,2021,2,comment,122,0,0,ne,prije_promjene_obuhvata
2021-02,2021,2,twitter,47,306,7554,da,prije_promjene_obuhvata
2021-03,2021,3,web,6756,1157156,23374240,da,prije_promjene_obuhvata
2021-03,2021,3,facebook,329,31424,2672306,da,prije_promjene_obuhvata
2021-03,2021,3,comment,74,0,0,ne,prije_promjene_obuhvata
2021-03,2021,3,twitter,26,152,5423,da,prije_promjene_obuhvata
2021-04,2021,4,web,6449,989920,20741779,da,prije_promjene_obuhvata
2021-04,2021,4,facebook,409,49848,4958929,da,prije_promjene_obuhvata
2021-04,2021,4,comment,92,0,0,ne,prije_promjene_obuhvata
2021-04,2021,4,twitter,42,355,12468,da,prije_promjene_obuhvata
2021-04,2021,4,youtube,33,3560,50092,da,prije_promjene_obuhvata
2021-04,2021,4,reddit,2,0,0,ne,prije_promjene_obuhvata
2021-05,2021,5,web,5401,755452,14910679,da,prije_promjene_obuhvata
2021-05,2021,5,youtube,670,78186,3568677,da,prije_promjene_obuhvata
2021-05,2021,5,comment,176,0,0,ne,prije_promjene_obuhvata
2021-05,2021,5,facebook,165,28463,1749331,da,prije_promjene_obuhvata
2021-05,2021,5,twitter,48,194,33707,da,prije_promjene_obuhvata
2021-05,2021,5,reddit,34,0,0,ne,prije_promjene_obuhvata
2021-05,2021,5,forum,8,0,0,ne,prije_promjene_obuhvata
2021-06,2021,6,web,5152,667497,12055583,da,prije_promjene_obuhvata
2021-06,2021,6,youtube,650,48487,3094860,da,prije_promjene_obuhvata
2021-06,2021,6,facebook,291,54752,3205186,da,prije_promjene_obuhvata
2021-06,2021,6,comment,107,0,0,ne,prije_promjene_obuhvata
2021-06,2021,6,reddit,23,0,0,ne,prije_promjene_obuhvata
2021-06,2021,6,forum,17,0,0,ne,prije_promjene_obuhvata
2021-06,2021,6,twitter,15,24,897,da,prije_promjene_obuhvata
2021-07,2021,7,web,5107,739285,14650810,da,prije_promjene_obuhvata
2021-07,2021,7,youtube,592,41262,1434794,da,prije_promjene_obuhvata
2021-07,2021,7,facebook,298,52676,3161690,da,prije_promjene_obuhvata
2021-07,2021,7,comment,79,0,0,ne,prije_promjene_obuhvata
2021-07,2021,7,reddit,43,0,0,ne,prije_promjene_obuhvata
2021-07,2021,7,twitter,34,182,5234,da,prije_promjene_obuhvata
2021-08,2021,8,web,5237,904704,16951830,da,prije_promjene_obuhvata
2021-08,2021,8,forum,658,0,0,ne,prije_promjene_obuhvata
2021-08,2021,8,youtube,505,41047,2044608,da,prije_promjene_obuhvata
2021-08,2021,8,facebook,298,43158,2664686,da,prije_promjene_obuhvata
2021-08,2021,8,comment,67,0,0,ne,prije_promjene_obuhvata
2021-08,2021,8,reddit,33,0,0,ne,prije_promjene_obuhvata
2021-08,2021,8,twitter,30,173,16747,da,prije_promjene_obuhvata
2021-09,2021,9,web,5237,799255,15095372,da,prije_promjene_obuhvata
2021-09,2021,9,youtube,570,38357,1122640,da,prije_promjene_obuhvata
2021-09,2021,9,forum,242,0,0,ne,prije_promjene_obuhvata
2021-09,2021,9,facebook,209,45934,2297508,da,prije_promjene_obuhvata
2021-09,2021,9,comment,61,0,0,ne,prije_promjene_obuhvata
2021-09,2021,9,reddit,48,0,0,ne,prije_promjene_obuhvata
2021-09,2021,9,twitter,41,277,5220,da,prije_promjene_obuhvata
2021-10,2021,10,web,6151,833229,17061281,da,prije_promjene_obuhvata
2021-10,2021,10,youtube,588,28984,699220,da,prije_promjene_obuhvata
2021-10,2021,10,facebook,338,63946,3659935,da,prije_promjene_obuhvata
2021-10,2021,10,comment,90,0,0,ne,prije_promjene_obuhvata
2021-10,2021,10,reddit,45,0,0,ne,prije_promjene_obuhvata
2021-10,2021,10,twitter,29,226,5039,da,prije_promjene_obuhvata
2021-11,2021,11,web,6954,1118377,21635010,da,prije_promjene_obuhvata
2021-11,2021,11,youtube,697,48992,0,da,prije_promjene_obuhvata
2021-11,2021,11,facebook,353,67718,4040869,da,prije_promjene_obuhvata
2021-11,2021,11,twitter,85,808,15390,da,prije_promjene_obuhvata
2021-11,2021,11,comment,56,0,0,ne,prije_promjene_obuhvata
2021-11,2021,11,reddit,29,0,0,ne,prije_promjene_obuhvata
2021-12,2021,12,web,7224,937645,20870829,da,prije_promjene_obuhvata
2021-12,2021,12,youtube,725,52289,0,da,prije_promjene_obuhvata
2021-12,2021,12,facebook,365,85112,4623780,da,prije_promjene_obuhvata
2021-12,2021,12,twitter,157,599,32218,da,prije_promjene_obuhvata
2021-12,2021,12,forum,91,0,0,ne,prije_promjene_obuhvata
2021-12,2021,12,comment,61,0,0,ne,prije_promjene_obuhvata
2021-12,2021,12,reddit,55,0,0,ne,prije_promjene_obuhvata
2022-01,2022,1,web,5822,855146,16711881,da,prije_promjene_obuhvata
2022-01,2022,1,youtube,693,58347,1415284,da,prije_promjene_obuhvata
2022-01,2022,1,forum,417,0,0,ne,prije_promjene_obuhvata
2022-01,2022,1,facebook,337,61038,3902075,da,prije_promjene_obuhvata
2022-01,2022,1,twitter,208,2451,60561,da,prije_promjene_obuhvata
2022-01,2022,1,comment,42,0,0,ne,prije_promjene_obuhvata
2022-01,2022,1,reddit,33,0,0,ne,prije_promjene_obuhvata
2022-02,2022,2,web,4881,745605,14658143,da,prije_promjene_obuhvata
2022-02,2022,2,youtube,546,68007,2566856,da,prije_promjene_obuhvata
2022-02,2022,2,facebook,320,62151,3701973,da,prije_promjene_obuhvata
2022-02,2022,2,forum,219,0,0,ne,prije_promjene_obuhvata
2022-02,2022,2,twitter,195,1551,38385,da,prije_promjene_obuhvata
2022-02,2022,2,reddit,54,0,0,ne,prije_promjene_obuhvata
2022-02,2022,2,comment,11,0,0,ne,prije_promjene_obuhvata
2022-03,2022,3,web,6086,729081,15684443,da,prije_promjene_obuhvata
2022-03,2022,3,youtube,650,92232,2805144,da,prije_promjene_obuhvata
2022-03,2022,3,facebook,355,73507,4366330,da,prije_promjene_obuhvata
2022-03,2022,3,twitter,126,395,27301,da,prije_promjene_obuhvata
2022-03,2022,3,reddit,33,0,0,ne,prije_promjene_obuhvata
2022-03,2022,3,comment,15,0,0,ne,prije_promjene_obuhvata
2022-04,2022,4,web,7407,780190,17700446,da,prije_promjene_obuhvata
2022-04,2022,4,youtube,691,69228,1912187,da,prije_promjene_obuhvata
2022-04,2022,4,facebook,381,69283,4372461,da,prije_promjene_obuhvata
2022-04,2022,4,forum,184,0,0,ne,prije_promjene_obuhvata
2022-04,2022,4,twitter,145,778,70547,da,prije_promjene_obuhvata
2022-04,2022,4,reddit,32,0,0,ne,prije_promjene_obuhvata
2022-04,2022,4,comment,17,0,0,ne,prije_promjene_obuhvata
2022-05,2022,5,web,6037,859209,16463661,da,prije_promjene_obuhvata
2022-05,2022,5,youtube,620,72059,2376537,da,prije_promjene_obuhvata
2022-05,2022,5,facebook,358,47589,3055252,da,prije_promjene_obuhvata
2022-05,2022,5,twitter,159,1375,23082,da,prije_promjene_obuhvata
2022-05,2022,5,forum,78,0,0,ne,prije_promjene_obuhvata
2022-05,2022,5,reddit,65,0,0,ne,prije_promjene_obuhvata
2022-05,2022,5,comment,33,0,0,ne,prije_promjene_obuhvata
2022-06,2022,6,web,5859,1077760,21199061,da,prije_promjene_obuhvata
2022-06,2022,6,youtube,605,92550,3392795,da,prije_promjene_obuhvata
2022-06,2022,6,facebook,294,54072,3067160,da,prije_promjene_obuhvata
2022-06,2022,6,twitter,119,730,13523,da,prije_promjene_obuhvata
2022-06,2022,6,reddit,51,0,0,ne,prije_promjene_obuhvata
2022-06,2022,6,comment,15,0,0,ne,prije_promjene_obuhvata
2022-07,2022,7,web,4369,799541,15429136,da,prije_promjene_obuhvata
2022-07,2022,7,youtube,415,48818,1853175,da,prije_promjene_obuhvata
2022-07,2022,7,facebook,219,45418,2607603,da,prije_promjene_obuhvata
2022-07,2022,7,twitter,120,321,11495,da,prije_promjene_obuhvata
2022-07,2022,7,forum,33,0,0,ne,prije_promjene_obuhvata
2022-07,2022,7,reddit,22,0,0,ne,prije_promjene_obuhvata
2022-07,2022,7,comment,13,0,0,ne,prije_promjene_obuhvata
2022-08,2022,8,web,5243,938998,21168894,da,prije_promjene_obuhvata
2022-08,2022,8,youtube,594,52304,970306,da,prije_promjene_obuhvata
2022-08,2022,8,forum,450,0,0,ne,prije_promjene_obuhvata
2022-08,2022,8,facebook,242,46832,2531064,da,prije_promjene_obuhvata
2022-08,2022,8,twitter,79,484,10627,da,prije_promjene_obuhvata
2022-08,2022,8,reddit,78,0,0,ne,prije_promjene_obuhvata
2022-08,2022,8,comment,23,0,0,ne,prije_promjene_obuhvata
2022-09,2022,9,web,4889,619004,13162413,da,prije_promjene_obuhvata
2022-09,2022,9,youtube,548,10892,1811,da,prije_promjene_obuhvata
2022-09,2022,9,forum,330,0,0,ne,prije_promjene_obuhvata
2022-09,2022,9,facebook,286,41343,2540196,da,prije_promjene_obuhvata
2022-09,2022,9,reddit,70,0,0,ne,prije_promjene_obuhvata
2022-09,2022,9,comment,27,0,0,ne,prije_promjene_obuhvata
2022-09,2022,9,twitter,14,30,819,da,prije_promjene_obuhvata
2022-10,2022,10,web,6122,714437,15670621,da,prije_promjene_obuhvata
2022-10,2022,10,youtube,761,23042,63213,da,prije_promjene_obuhvata
2022-10,2022,10,facebook,368,55201,3401774,da,prije_promjene_obuhvata
2022-10,2022,10,twitter,64,474,12555,da,prije_promjene_obuhvata
2022-10,2022,10,reddit,61,0,0,ne,prije_promjene_obuhvata
2022-10,2022,10,comment,29,0,0,ne,prije_promjene_obuhvata
2022-11,2022,11,web,5739,572582,13202404,da,prije_promjene_obuhvata
2022-11,2022,11,youtube,697,34321,458163,da,prije_promjene_obuhvata
2022-11,2022,11,facebook,324,36406,2505063,da,prije_promjene_obuhvata
2022-11,2022,11,reddit,59,0,0,ne,prije_promjene_obuhvata
2022-11,2022,11,twitter,44,602,30215,da,prije_promjene_obuhvata
2022-11,2022,11,comment,17,0,0,ne,prije_promjene_obuhvata
2022-12,2022,12,web,6618,690996,14115039,da,prije_promjene_obuhvata
2022-12,2022,12,youtube,861,120840,4412380,da,prije_promjene_obuhvata
2022-12,2022,12,facebook,380,51644,3053028,da,prije_promjene_obuhvata
2022-12,2022,12,reddit,87,0,0,ne,prije_promjene_obuhvata
2022-12,2022,12,comment,26,0,0,ne,prije_promjene_obuhvata
2022-12,2022,12,twitter,21,390,25713,da,prije_promjene_obuhvata
2023-01,2023,1,web,5581,556960,11488688,da,prije_promjene_obuhvata
2023-01,2023,1,youtube,909,227688,3896755,da,prije_promjene_obuhvata
2023-01,2023,1,facebook,499,69248,4121284,da,prije_promjene_obuhvata
2023-01,2023,1,reddit,88,0,0,ne,prije_promjene_obuhvata
2023-01,2023,1,twitter,44,896,40794,da,prije_promjene_obuhvata
2023-01,2023,1,comment,15,0,0,ne,prije_promjene_obuhvata
2023-02,2023,2,web,4876,469978,9268817,da,prije_promjene_obuhvata
2023-02,2023,2,youtube,879,192124,2939268,da,prije_promjene_obuhvata
2023-02,2023,2,facebook,422,54930,3134578,da,prije_promjene_obuhvata
2023-02,2023,2,reddit,74,0,0,ne,prije_promjene_obuhvata
2023-02,2023,2,twitter,54,328,10722,da,prije_promjene_obuhvata
2023-02,2023,2,comment,13,0,0,ne,prije_promjene_obuhvata
2023-03,2023,3,web,5817,621675,12705993,da,prije_promjene_obuhvata
2023-03,2023,3,youtube,886,80125,2341309,da,prije_promjene_obuhvata
2023-03,2023,3,facebook,300,30160,1824206,da,prije_promjene_obuhvata
2023-03,2023,3,forum,226,0,0,ne,prije_promjene_obuhvata
2023-03,2023,3,reddit,141,0,0,ne,prije_promjene_obuhvata
2023-03,2023,3,twitter,42,1044,11349,da,prije_promjene_obuhvata
2023-03,2023,3,comment,15,0,0,ne,prije_promjene_obuhvata
2023-04,2023,4,web,6746,566660,12374420,da,prije_promjene_obuhvata
2023-04,2023,4,youtube,799,58506,1431839,da,prije_promjene_obuhvata
2023-04,2023,4,facebook,454,59625,4130435,da,prije_promjene_obuhvata
2023-04,2023,4,forum,318,0,0,ne,prije_promjene_obuhvata
2023-04,2023,4,reddit,77,0,0,ne,prije_promjene_obuhvata
2023-04,2023,4,twitter,18,78,20009,da,prije_promjene_obuhvata
2023-04,2023,4,comment,15,0,0,ne,prije_promjene_obuhvata
2023-05,2023,5,web,5271,522839,10762830,da,prije_promjene_obuhvata
2023-05,2023,5,youtube,679,38208,688191,da,prije_promjene_obuhvata
2023-05,2023,5,facebook,377,43518,2773216,da,prije_promjene_obuhvata
2023-05,2023,5,forum,162,0,0,ne,prije_promjene_obuhvata
2023-05,2023,5,reddit,59,0,0,ne,prije_promjene_obuhvata
2023-05,2023,5,twitter,2,107,5018,da,prije_promjene_obuhvata
2023-06,2023,6,web,6075,546939,11197797,da,prije_promjene_obuhvata
2023-06,2023,6,youtube,628,17969,211899,da,prije_promjene_obuhvata
2023-06,2023,6,facebook,307,32869,2026317,da,prije_promjene_obuhvata
2023-06,2023,6,reddit,44,0,0,ne,prije_promjene_obuhvata
2023-06,2023,6,twitter,15,156,3804,da,prije_promjene_obuhvata
2023-07,2023,7,web,4054,491607,9167225,da,tiktok_od_2023-07
2023-07,2023,7,youtube,614,37805,535326,da,tiktok_od_2023-07
2023-07,2023,7,facebook,259,36212,2087781,da,tiktok_od_2023-07
2023-07,2023,7,reddit,34,0,0,ne,tiktok_od_2023-07
2023-07,2023,7,twitter,7,31,2023,da,tiktok_od_2023-07
2023-07,2023,7,tiktok,2,54691,1070300,da,tiktok_od_2023-07
2023-08,2023,8,web,5593,672000,13614410,da,tiktok_od_2023-07
2023-08,2023,8,youtube,800,157331,2158687,da,tiktok_od_2023-07
2023-08,2023,8,facebook,332,186773,9222703,da,tiktok_od_2023-07
2023-08,2023,8,reddit,108,0,0,ne,tiktok_od_2023-07
2023-08,2023,8,twitter,29,276,7190,da,tiktok_od_2023-07
2023-09,2023,9,web,5264,460159,9836836,da,tiktok_od_2023-07
2023-09,2023,9,youtube,890,133950,1820694,da,tiktok_od_2023-07
2023-09,2023,9,facebook,359,34118,2278270,da,tiktok_od_2023-07
2023-09,2023,9,reddit,75,0,0,ne,tiktok_od_2023-07
2023-09,2023,9,twitter,46,281,6431,da,tiktok_od_2023-07
2023-10,2023,10,web,5599,450279,10284549,da,tiktok_od_2023-07
2023-10,2023,10,youtube,861,117912,1662163,da,tiktok_od_2023-07
2023-10,2023,10,facebook,431,59141,3684059,da,tiktok_od_2023-07
2023-10,2023,10,reddit,39,0,0,ne,tiktok_od_2023-07
2023-10,2023,10,twitter,20,121,3646,da,tiktok_od_2023-07
2023-11,2023,11,web,5239,297305,7601597,da,tiktok_od_2023-07
2023-11,2023,11,youtube,965,67592,1033172,da,tiktok_od_2023-07
2023-11,2023,11,facebook,375,38530,2800126,da,tiktok_od_2023-07
2023-11,2023,11,forum,127,0,0,ne,tiktok_od_2023-07
2023-11,2023,11,reddit,52,0,0,ne,tiktok_od_2023-07
2023-12,2023,12,web,6808,359464,9086947,da,tiktok_od_2023-07
2023-12,2023,12,youtube,1031,96607,1193162,da,tiktok_od_2023-07
2023-12,2023,12,facebook,501,53516,4041083,da,tiktok_od_2023-07
2023-12,2023,12,forum,342,0,0,ne,tiktok_od_2023-07
2023-12,2023,12,reddit,43,0,0,ne,tiktok_od_2023-07
2023-12,2023,12,twitter,10,125,2320,da,tiktok_od_2023-07
2024-01,2024,1,web,1404,57291,1657421,da,tiktok_od_2023-07
2024-01,2024,1,youtube,276,39195,368576,da,tiktok_od_2023-07
2024-01,2024,1,facebook,112,11954,988640,da,tiktok_od_2023-07
2024-01,2024,1,forum,104,0,0,ne,tiktok_od_2023-07
2024-01,2024,1,reddit,9,0,0,ne,tiktok_od_2023-07
2024-01,2024,1,twitter,6,43,1076,da,tiktok_od_2023-07
2024-06,2024,6,web,6584,373279,9361705,da,lom_2024-06
2024-06,2024,6,youtube,1309,236575,2266446,da,lom_2024-06
2024-06,2024,6,facebook,457,59523,3800632,da,lom_2024-06
2024-06,2024,6,reddit,60,0,0,ne,lom_2024-06
2024-06,2024,6,twitter,38,720,17918,da,lom_2024-06
2024-06,2024,6,forum,29,0,0,ne,lom_2024-06
2024-07,2024,7,web,12749,776227,20592565,da,nakon_loma_2024-06_instagram_od_2024-07
2024-07,2024,7,youtube,2559,475552,7539724,da,nakon_loma_2024-06_instagram_od_2024-07
2024-07,2024,7,facebook,1213,146301,10832597,da,nakon_loma_2024-06_instagram_od_2024-07
2024-07,2024,7,reddit,411,0,0,ne,nakon_loma_2024-06_instagram_od_2024-07
2024-07,2024,7,instagram,150,17336,190424,da,nakon_loma_2024-06_instagram_od_2024-07
2024-07,2024,7,twitter,146,2062,38771,da,nakon_loma_2024-06_instagram_od_2024-07
2024-07,2024,7,forum,51,0,0,ne,nakon_loma_2024-06_instagram_od_2024-07
2024-07,2024,7,tiktok,8,5870,92880,da,nakon_loma_2024-06_instagram_od_2024-07
2024-07,2024,7,comment,4,0,0,ne,nakon_loma_2024-06_instagram_od_2024-07
2024-08,2024,8,web,12318,1026687,29310980,da,nakon_loma_2024-06_instagram_od_2024-07
2024-08,2024,8,youtube,2399,611510,9652790,da,nakon_loma_2024-06_instagram_od_2024-07
2024-08,2024,8,facebook,1532,204262,17471788,da,nakon_loma_2024-06_instagram_od_2024-07
2024-08,2024,8,reddit,546,0,0,ne,nakon_loma_2024-06_instagram_od_2024-07
2024-08,2024,8,instagram,186,25401,263382,da,nakon_loma_2024-06_instagram_od_2024-07
2024-08,2024,8,twitter,153,1379,99335,da,nakon_loma_2024-06_instagram_od_2024-07
2024-08,2024,8,forum,50,0,0,ne,nakon_loma_2024-06_instagram_od_2024-07
2024-08,2024,8,comment,5,0,0,ne,nakon_loma_2024-06_instagram_od_2024-07
2024-08,2024,8,tiktok,5,13526,174402,da,nakon_loma_2024-06_instagram_od_2024-07
2024-09,2024,9,web,6065,352596,9611113,da,nakon_loma_2024-06_instagram_od_2024-07
2024-09,2024,9,youtube,1218,215186,3702210,da,nakon_loma_2024-06_instagram_od_2024-07
2024-09,2024,9,facebook,762,77234,9128221,da,nakon_loma_2024-06_instagram_od_2024-07
2024-09,2024,9,reddit,202,0,0,ne,nakon_loma_2024-06_instagram_od_2024-07
2024-09,2024,9,instagram,76,20709,168370,da,nakon_loma_2024-06_instagram_od_2024-07
2024-09,2024,9,twitter,66,1002,29652,da,nakon_loma_2024-06_instagram_od_2024-07
2024-09,2024,9,forum,47,0,0,ne,nakon_loma_2024-06_instagram_od_2024-07
2024-09,2024,9,comment,17,0,0,ne,nakon_loma_2024-06_instagram_od_2024-07
2024-09,2024,9,tiktok,5,8725,211489,da,nakon_loma_2024-06_instagram_od_2024-07
2024-10,2024,10,web,13695,810949,23058776,da,nakon_loma_2024-06_instagram_od_2024-07
2024-10,2024,10,facebook,1685,179485,13008679,da,nakon_loma_2024-06_instagram_od_2024-07
2024-10,2024,10,youtube,1667,302167,9303352,da,nakon_loma_2024-06_instagram_od_2024-07
2024-10,2024,10,reddit,234,0,0,ne,nakon_loma_2024-06_instagram_od_2024-07
2024-10,2024,10,instagram,187,54786,495067,da,nakon_loma_2024-06_instagram_od_2024-07
2024-10,2024,10,twitter,113,896,21788,da,nakon_loma_2024-06_instagram_od_2024-07
2024-10,2024,10,comment,92,0,0,ne,nakon_loma_2024-06_instagram_od_2024-07
2024-10,2024,10,forum,48,0,0,ne,nakon_loma_2024-06_instagram_od_2024-07
2024-10,2024,10,tiktok,4,37641,281404,da,nakon_loma_2024-06_instagram_od_2024-07
2024-11,2024,11,web,13416,643921,21023904,da,nakon_loma_2024-06_instagram_od_2024-07
2024-11,2024,11,youtube,3045,355335,7337205,da,nakon_loma_2024-06_instagram_od_2024-07
2024-11,2024,11,facebook,2352,222055,20012869,da,nakon_loma_2024-06_instagram_od_2024-07
2024-11,2024,11,instagram,301,105283,1078267,da,nakon_loma_2024-06_instagram_od_2024-07
2024-11,2024,11,reddit,280,0,0,ne,nakon_loma_2024-06_instagram_od_2024-07
2024-11,2024,11,comment,171,0,0,ne,nakon_loma_2024-06_instagram_od_2024-07
2024-11,2024,11,twitter,152,989,39601,da,nakon_loma_2024-06_instagram_od_2024-07
2024-11,2024,11,forum,48,0,0,ne,nakon_loma_2024-06_instagram_od_2024-07
2024-11,2024,11,tiktok,6,17324,418192,da,nakon_loma_2024-06_instagram_od_2024-07
2024-12,2024,12,web,15646,965969,30660252,da,nakon_loma_2024-06_instagram_od_2024-07
2024-12,2024,12,facebook,3561,323998,33610270,da,nakon_loma_2024-06_instagram_od_2024-07
2024-12,2024,12,youtube,3142,361401,10425139,da,nakon_loma_2024-06_instagram_od_2024-07
2024-12,2024,12,reddit,324,0,0,ne,nakon_loma_2024-06_instagram_od_2024-07
2024-12,2024,12,twitter,290,4446,111374,da,nakon_loma_2024-06_instagram_od_2024-07
2024-12,2024,12,instagram,230,75829,710053,da,nakon_loma_2024-06_instagram_od_2024-07
2024-12,2024,12,comment,129,0,0,ne,nakon_loma_2024-06_instagram_od_2024-07
2024-12,2024,12,forum,66,0,0,ne,nakon_loma_2024-06_instagram_od_2024-07
2024-12,2024,12,tiktok,16,46686,478818,da,nakon_loma_2024-06_instagram_od_2024-07
2025-01,2025,1,web,9325,678549,19314229,da,nakon_loma_2024-06_instagram_od_2024-07
2025-01,2025,1,facebook,2690,321834,28706546,da,nakon_loma_2024-06_instagram_od_2024-07
2025-01,2025,1,youtube,2543,337336,8542694,da,nakon_loma_2024-06_instagram_od_2024-07
2025-01,2025,1,reddit,315,0,0,ne,nakon_loma_2024-06_instagram_od_2024-07
2025-01,2025,1,twitter,222,2025,89398,da,nakon_loma_2024-06_instagram_od_2024-07
2025-01,2025,1,instagram,142,67474,567984,da,nakon_loma_2024-06_instagram_od_2024-07
2025-01,2025,1,comment,135,0,0,ne,nakon_loma_2024-06_instagram_od_2024-07
2025-01,2025,1,forum,21,0,0,ne,nakon_loma_2024-06_instagram_od_2024-07
2025-01,2025,1,tiktok,6,3119,45143,da,nakon_loma_2024-06_instagram_od_2024-07
2025-02,2025,2,web,12925,918657,26374054,da,nakon_loma_2024-06_instagram_od_2024-07
2025-02,2025,2,facebook,3235,451786,43617558,da,nakon_loma_2024-06_instagram_od_2024-07
2025-02,2025,2,youtube,2379,368856,7972331,da,nakon_loma_2024-06_instagram_od_2024-07
2025-02,2025,2,reddit,246,0,0,ne,nakon_loma_2024-06_instagram_od_2024-07
2025-02,2025,2,instagram,168,82101,589249,da,nakon_loma_2024-06_instagram_od_2024-07
2025-02,2025,2,twitter,159,2933,98741,da,nakon_loma_2024-06_instagram_od_2024-07
2025-02,2025,2,comment,101,0,0,ne,nakon_loma_2024-06_instagram_od_2024-07
2025-02,2025,2,forum,30,0,0,ne,nakon_loma_2024-06_instagram_od_2024-07
2025-02,2025,2,tiktok,20,15263,276690,da,nakon_loma_2024-06_instagram_od_2024-07
2025-03,2025,3,web,13212,794578,23095699,da,nakon_loma_2024-06_instagram_od_2024-07
2025-03,2025,3,facebook,3634,467178,39674345,da,nakon_loma_2024-06_instagram_od_2024-07
2025-03,2025,3,youtube,2745,471764,12605509,da,nakon_loma_2024-06_instagram_od_2024-07
2025-03,2025,3,reddit,280,0,0,ne,nakon_loma_2024-06_instagram_od_2024-07
2025-03,2025,3,instagram,190,45618,449060,da,nakon_loma_2024-06_instagram_od_2024-07
2025-03,2025,3,twitter,142,801,142273,da,nakon_loma_2024-06_instagram_od_2024-07
2025-03,2025,3,comment,128,0,0,ne,nakon_loma_2024-06_instagram_od_2024-07
2025-03,2025,3,forum,43,0,0,ne,nakon_loma_2024-06_instagram_od_2024-07
2025-03,2025,3,tiktok,23,10018,204194,da,nakon_loma_2024-06_instagram_od_2024-07
2025-04,2025,4,web,14342,757446,29738898,da,nakon_loma_2024-06_instagram_od_2024-07
2025-04,2025,4,facebook,7348,831372,111365553,da,nakon_loma_2024-06_instagram_od_2024-07
2025-04,2025,4,youtube,2955,590328,30448516,da,nakon_loma_2024-06_instagram_od_2024-07
2025-04,2025,4,reddit,553,0,0,ne,nakon_loma_2024-06_instagram_od_2024-07
2025-04,2025,4,twitter,307,3380,484151,da,nakon_loma_2024-06_instagram_od_2024-07
2025-04,2025,4,instagram,289,132549,723723,da,nakon_loma_2024-06_instagram_od_2024-07
2025-04,2025,4,comment,242,0,0,ne,nakon_loma_2024-06_instagram_od_2024-07
2025-04,2025,4,tiktok,64,50872,1197786,da,nakon_loma_2024-06_instagram_od_2024-07
2025-04,2025,4,forum,55,0,0,ne,nakon_loma_2024-06_instagram_od_2024-07
2025-05,2025,5,web,10205,527580,17508874,da,nakon_loma_2024-06_instagram_od_2024-07
2025-05,2025,5,facebook,5449,806545,88836507,da,nakon_loma_2024-06_instagram_od_2024-07
2025-05,2025,5,youtube,2708,493613,15193516,da,nakon_loma_2024-06_instagram_od_2024-07
2025-05,2025,5,reddit,413,0,0,ne,nakon_loma_2024-06_instagram_od_2024-07
2025-05,2025,5,instagram,238,45579,412548,da,nakon_loma_2024-06_instagram_od_2024-07
2025-05,2025,5,twitter,206,2983,168249,da,nakon_loma_2024-06_instagram_od_2024-07
2025-05,2025,5,comment,151,0,0,ne,nakon_loma_2024-06_instagram_od_2024-07
2025-05,2025,5,forum,59,0,0,ne,nakon_loma_2024-06_instagram_od_2024-07
2025-05,2025,5,tiktok,47,73803,1179313,da,nakon_loma_2024-06_instagram_od_2024-07
2025-06,2025,6,web,13307,834091,23646917,da,nakon_loma_2024-06_instagram_od_2024-07
2025-06,2025,6,facebook,2811,411162,29322475,da,nakon_loma_2024-06_instagram_od_2024-07
2025-06,2025,6,youtube,2292,338067,11821311,da,nakon_loma_2024-06_instagram_od_2024-07
2025-06,2025,6,forum,587,0,0,ne,nakon_loma_2024-06_instagram_od_2024-07
2025-06,2025,6,reddit,264,0,0,ne,nakon_loma_2024-06_instagram_od_2024-07
2025-06,2025,6,instagram,158,19569,207332,da,nakon_loma_2024-06_instagram_od_2024-07
2025-06,2025,6,twitter,156,976,720980,da,nakon_loma_2024-06_instagram_od_2024-07
2025-06,2025,6,comment,95,0,0,ne,nakon_loma_2024-06_instagram_od_2024-07
2025-06,2025,6,tiktok,2,275,10654,da,nakon_loma_2024-06_instagram_od_2024-07
2025-07,2025,7,web,13139,1073882,29008599,da,nakon_loma_2024-06_instagram_od_2024-07
2025-07,2025,7,facebook,2922,564827,37037321,da,nakon_loma_2024-06_instagram_od_2024-07
2025-07,2025,7,youtube,1712,298408,7116510,da,nakon_loma_2024-06_instagram_od_2024-07
2025-07,2025,7,reddit,467,0,0,ne,nakon_loma_2024-06_instagram_od_2024-07
2025-07,2025,7,forum,287,0,0,ne,nakon_loma_2024-06_instagram_od_2024-07
2025-07,2025,7,twitter,260,2592,1917667,da,nakon_loma_2024-06_instagram_od_2024-07
2025-07,2025,7,comment,147,0,0,ne,nakon_loma_2024-06_instagram_od_2024-07
2025-07,2025,7,instagram,142,20094,206823,da,nakon_loma_2024-06_instagram_od_2024-07
2025-07,2025,7,tiktok,6,1251,22842,da,nakon_loma_2024-06_instagram_od_2024-07
2025-08,2025,8,web,13055,862390,25192421,da,nakon_loma_2024-06_instagram_od_2024-07
2025-08,2025,8,facebook,3482,733023,47869087,da,nakon_loma_2024-06_instagram_od_2024-07
2025-08,2025,8,youtube,1724,248453,6765496,da,nakon_loma_2024-06_instagram_od_2024-07
2025-08,2025,8,reddit,449,0,0,ne,nakon_loma_2024-06_instagram_od_2024-07
2025-08,2025,8,twitter,288,5649,3708536,da,nakon_loma_2024-06_instagram_od_2024-07
2025-08,2025,8,instagram,215,46264,427386,da,nakon_loma_2024-06_instagram_od_2024-07
2025-08,2025,8,forum,201,0,0,ne,nakon_loma_2024-06_instagram_od_2024-07
2025-08,2025,8,comment,140,0,0,ne,nakon_loma_2024-06_instagram_od_2024-07
2025-08,2025,8,tiktok,11,11378,197635,da,nakon_loma_2024-06_instagram_od_2024-07
2025-09,2025,9,web,7334,419444,13481870,da,nakon_loma_2024-06_instagram_od_2024-07
2025-09,2025,9,facebook,1672,233724,18590012,da,nakon_loma_2024-06_instagram_od_2024-07
2025-09,2025,9,youtube,951,139123,3069271,da,nakon_loma_2024-06_instagram_od_2024-07
2025-09,2025,9,reddit,178,0,0,ne,nakon_loma_2024-06_instagram_od_2024-07
2025-09,2025,9,instagram,78,17697,176944,da,nakon_loma_2024-06_instagram_od_2024-07
2025-09,2025,9,twitter,71,786,649921,da,nakon_loma_2024-06_instagram_od_2024-07
2025-09,2025,9,comment,60,0,0,ne,nakon_loma_2024-06_instagram_od_2024-07
2025-09,2025,9,forum,35,0,0,ne,nakon_loma_2024-06_instagram_od_2024-07
2025-09,2025,9,tiktok,2,195,3066,da,nakon_loma_2024-06_instagram_od_2024-07
2025-10,2025,10,web,15178,719654,25703733,da,nakon_loma_2024-06_instagram_od_2024-07
2025-10,2025,10,facebook,3376,507231,41958217,da,nakon_loma_2024-06_instagram_od_2024-07
2025-10,2025,10,youtube,2140,335988,8538823,da,nakon_loma_2024-06_instagram_od_2024-07
2025-10,2025,10,reddit,260,0,0,ne,nakon_loma_2024-06_instagram_od_2024-07
2025-10,2025,10,twitter,241,3693,722268,da,nakon_loma_2024-06_instagram_od_2024-07
2025-10,2025,10,forum,228,0,0,ne,nakon_loma_2024-06_instagram_od_2024-07
2025-10,2025,10,instagram,189,93418,635053,da,nakon_loma_2024-06_instagram_od_2024-07
2025-10,2025,10,comment,128,0,0,ne,nakon_loma_2024-06_instagram_od_2024-07
2025-10,2025,10,tiktok,23,22882,302094,da,nakon_loma_2024-06_instagram_od_2024-07
2025-11,2025,11,web,14800,941819,32303131,da,nakon_loma_2024-06_instagram_od_2024-07
2025-11,2025,11,facebook,3548,481580,42731857,da,nakon_loma_2024-06_instagram_od_2024-07
2025-11,2025,11,youtube,2217,437995,10305731,da,nakon_loma_2024-06_instagram_od_2024-07
2025-11,2025,11,reddit,388,0,0,ne,nakon_loma_2024-06_instagram_od_2024-07
2025-11,2025,11,twitter,319,7515,171075,da,nakon_loma_2024-06_instagram_od_2024-07
2025-11,2025,11,instagram,180,53610,541402,da,nakon_loma_2024-06_instagram_od_2024-07
2025-11,2025,11,comment,150,0,0,ne,nakon_loma_2024-06_instagram_od_2024-07
2025-11,2025,11,forum,41,0,0,ne,nakon_loma_2024-06_instagram_od_2024-07
2025-11,2025,11,tiktok,9,3516,108377,da,nakon_loma_2024-06_instagram_od_2024-07
2025-12,2025,12,web,15226,838334,28465566,da,nakon_loma_2024-06_instagram_od_2024-07
2025-12,2025,12,facebook,4335,739264,60596275,da,nakon_loma_2024-06_instagram_od_2024-07
2025-12,2025,12,youtube,2525,499103,14587062,da,nakon_loma_2024-06_instagram_od_2024-07
2025-12,2025,12,reddit,415,0,0,ne,nakon_loma_2024-06_instagram_od_2024-07
2025-12,2025,12,twitter,353,7825,314380,da,nakon_loma_2024-06_instagram_od_2024-07
2025-12,2025,12,forum,192,0,0,ne,nakon_loma_2024-06_instagram_od_2024-07
2025-12,2025,12,comment,164,0,0,ne,nakon_loma_2024-06_instagram_od_2024-07
2025-12,2025,12,instagram,133,31280,374241,da,nakon_loma_2024-06_instagram_od_2024-07
2025-12,2025,12,tiktok,18,31210,768265,da,nakon_loma_2024-06_instagram_od_2024-07
2026-01,2026,1,web,11788,537875,21261248,da,nakon_loma_2024-06_instagram_od_2024-07
2026-01,2026,1,facebook,3516,402691,38148845,da,nakon_loma_2024-06_instagram_od_2024-07
2026-01,2026,1,reddit,398,0,0,ne,nakon_loma_2024-06_instagram_od_2024-07
2026-01,2026,1,youtube,363,57191,1345319,da,nakon_loma_2024-06_instagram_od_2024-07
2026-01,2026,1,twitter,171,1687,59348,da,nakon_loma_2024-06_instagram_od_2024-07
2026-01,2026,1,forum,105,0,0,ne,nakon_loma_2024-06_instagram_od_2024-07
2026-01,2026,1,instagram,67,19851,146839,da,nakon_loma_2024-06_instagram_od_2024-07
2026-01,2026,1,comment,19,0,0,ne,nakon_loma_2024-06_instagram_od_2024-07
2026-01,2026,1,tiktok,6,10048,346005,da,nakon_loma_2024-06_instagram_od_2024-07
2026-02,2026,2,web,11166,405363,17960099,da,nakon_loma_2024-06_instagram_od_2024-07
2026-02,2026,2,facebook,4292,331280,38191784,da,nakon_loma_2024-06_instagram_od_2024-07
2026-02,2026,2,reddit,320,0,0,ne,nakon_loma_2024-06_instagram_od_2024-07
2026-02,2026,2,twitter,263,7363,151140,da,nakon_loma_2024-06_instagram_od_2024-07
2026-02,2026,2,instagram,98,18896,210666,da,nakon_loma_2024-06_instagram_od_2024-07
2026-02,2026,2,forum,13,0,0,ne,nakon_loma_2024-06_instagram_od_2024-07
2026-02,2026,2,tiktok,13,12567,194738,da,nakon_loma_2024-06_instagram_od_2024-07
2026-03,2026,3,web,14760,127744,15793532,da,nakon_loma_2024-06_instagram_od_2024-07
2026-03,2026,3,facebook,4231,346043,36559476,da,nakon_loma_2024-06_instagram_od_2024-07
2026-03,2026,3,reddit,331,0,0,ne,nakon_loma_2024-06_instagram_od_2024-07
2026-03,2026,3,twitter,159,785,69032,da,nakon_loma_2024-06_instagram_od_2024-07
2026-03,2026,3,instagram,134,19682,155802,da,nakon_loma_2024-06_instagram_od_2024-07
2026-03,2026,3,forum,42,0,0,ne,nakon_loma_2024-06_instagram_od_2024-07
2026-03,2026,3,tiktok,13,39410,714839,da,nakon_loma_2024-06_instagram_od_2024-07
2026-04,2026,4,web,16076,264584,21298090,da,nakon_loma_2024-06_instagram_od_2024-07
2026-04,2026,4,facebook,3850,412513,42308153,da,nakon_loma_2024-06_instagram_od_2024-07
2026-04,2026,4,reddit,282,0,0,ne,nakon_loma_2024-06_instagram_od_2024-07
2026-04,2026,4,twitter,211,985,74958,da,nakon_loma_2024-06_instagram_od_2024-07
2026-04,2026,4,instagram,118,20544,290247,da,nakon_loma_2024-06_instagram_od_2024-07
2026-04,2026,4,forum,47,0,0,ne,nakon_loma_2024-06_instagram_od_2024-07
2026-04,2026,4,tiktok,13,16336,273152,da,nakon_loma_2024-06_instagram_od_2024-07
2026-05,2026,5,web,16550,400664,20682530,da,nakon_loma_2024-06_instagram_od_2024-07
2026-05,2026,5,facebook,3313,433100,36032295,da,nakon_loma_2024-06_instagram_od_2024-07
2026-05,2026,5,reddit,228,0,0,ne,nakon_loma_2024-06_instagram_od_2024-07
2026-05,2026,5,twitter,226,2317,89266,da,nakon_loma_2024-06_instagram_od_2024-07
2026-05,2026,5,instagram,102,14221,156356,da,nakon_loma_2024-06_instagram_od_2024-07
2026-05,2026,5,forum,39,0,0,ne,nakon_loma_2024-06_instagram_od_2024-07
2026-05,2026,5,tiktok,13,19359,210840,da,nakon_loma_2024-06_instagram_od_2024-07
2026-06,2026,6,web,6145,122726,6675551,da,nakon_loma_2024-06_instagram_od_2024-07
2026-06,2026,6,facebook,1355,155867,13237238,da,nakon_loma_2024-06_instagram_od_2024-07
2026-06,2026,6,reddit,147,0,0,ne,nakon_loma_2024-06_instagram_od_2024-07
2026-06,2026,6,twitter,87,640,15615,da,nakon_loma_2024-06_instagram_od_2024-07
2026-06,2026,6,instagram,54,12137,95987,da,nakon_loma_2024-06_instagram_od_2024-07
2026-06,2026,6,forum,24,0,0,ne,nakon_loma_2024-06_instagram_od_2024-07
2026-06,2026,6,tiktok,3,901,9013,da,nakon_loma_2024-06_instagram_od_2024-07
