godina,dobna_skupina,tip_putovanja,destinacija,trajanje,putovanja,nocenja,izdaci_eur,izdaci_hrk
2024,Ukupno,Privatno,Ukupno,1 i više noćenja,5462439,30069028,2266703189,-
2024,Ukupno,Privatno,Ukupno,1 - 3 noćenja,2963117,6076619,726558321,-
2024,Ukupno,Privatno,Ukupno,4 i više noćenja,2499322,23992409,1540144868,-
2024,Ukupno,Privatno,Inozemstvo,1 i više noćenja,1877176,9852232,1033858756,-
2024,Ukupno,Privatno,Inozemstvo,1 - 3 noćenja,1007435,2073141,315491515,-
2024,Ukupno,Privatno,Inozemstvo,4 i više noćenja,869741,7779090,718367241,-
2024,Ukupno,Privatno,Hrvatska,1 i više noćenja,3585264,20216797,1232844432,-
2024,Ukupno,Privatno,Hrvatska,1 - 3 noćenja,1955682,4003478,411066806,-
2024,Ukupno,Privatno,Hrvatska,4 i više noćenja,1629581,16213319,821777627,-
2024,Ukupno,Poslovno,Ukupno,1 i više noćenja,598223,1980348,415411399,-
2024,Ukupno,Poslovno,Ukupno,1 - 3 noćenja,454725,864275,224774617,-
2024,Ukupno,Poslovno,Ukupno,4 i više noćenja,143499,1116073,190636782,-
2024,Ukupno,Poslovno,Inozemstvo,1 i više noćenja,246564,1104860,242628923,-
2024,Ukupno,Poslovno,Inozemstvo,1 - 3 noćenja,158159,324749,103391889,-
2024,Ukupno,Poslovno,Inozemstvo,4 i više noćenja,88406,780111,139237034,-
2024,Ukupno,Poslovno,Hrvatska,1 i više noćenja,351659,875488,172782476,-
2024,Ukupno,Poslovno,Hrvatska,1 - 3 noćenja,296566,539526,121382729,-
2024,Ukupno,Poslovno,Hrvatska,4 i više noćenja,55093,335962,51399748,-
2024,15 - 29,Privatno,Ukupno,1 i više noćenja,1258122,5865170,580069979,-
2024,15 - 29,Privatno,Ukupno,1 - 3 noćenja,715475,1468980,194125840,-
2024,15 - 29,Privatno,Ukupno,4 i više noćenja,542647,4396190,385944139,-
2024,15 - 29,Privatno,Inozemstvo,1 i više noćenja,514012,2610242,323829230,-
2024,15 - 29,Privatno,Inozemstvo,1 - 3 noćenja,263762,509641,81943550,-
2024,15 - 29,Privatno,Inozemstvo,4 i više noćenja,250250,2100602,241885680,-
2024,15 - 29,Privatno,Hrvatska,1 i više noćenja,744110,3254927,256240748,-
2024,15 - 29,Privatno,Hrvatska,1 - 3 noćenja,451712,959339,112182290,-
2024,15 - 29,Privatno,Hrvatska,4 i više noćenja,292397,2295588,144058459,-
2024,15 - 29,Poslovno,Ukupno,1 i više noćenja,121018,509425,109373386,-
2024,15 - 29,Poslovno,Ukupno,1 - 3 noćenja,86094,174039,48978793,-
2024,15 - 29,Poslovno,Ukupno,4 i više noćenja,34924,335385,60394593,-
2024,15 - 29,Poslovno,Inozemstvo,1 i više noćenja,30115,293700,55876684,-
2024,15 - 29,Poslovno,Inozemstvo,1 - 3 noćenja,11211,24841,11036582,-
2024,15 - 29,Poslovno,Inozemstvo,4 i više noćenja,18904,268859,44840102,-
2024,15 - 29,Poslovno,Hrvatska,1 i više noćenja,90903,215724,53496702,-
2024,15 - 29,Poslovno,Hrvatska,1 - 3 noćenja,74883,149198,37942211,-
2024,15 - 29,Poslovno,Hrvatska,4 i više noćenja,16020,66526,15554490,-
2024,30 - 49,Privatno,Ukupno,1 i više noćenja,2310737,10934886,984912811,-
2024,30 - 49,Privatno,Ukupno,1 - 3 noćenja,1323674,2755315,326355448,-
2024,30 - 49,Privatno,Ukupno,4 i više noćenja,987062,8179571,658557363,-
2024,30 - 49,Privatno,Inozemstvo,1 i više noćenja,781647,3454735,429540721,-
2024,30 - 49,Privatno,Inozemstvo,1 - 3 noćenja,451436,991276,145062546,-
2024,30 - 49,Privatno,Inozemstvo,4 i više noćenja,330210,2463459,284478175,-
2024,30 - 49,Privatno,Hrvatska,1 i više noćenja,1529090,7480151,555372090,-
2024,30 - 49,Privatno,Hrvatska,1 - 3 noćenja,872238,1764039,181292902,-
2024,30 - 49,Privatno,Hrvatska,4 i više noćenja,656852,5716112,374079188,-
2024,30 - 49,Poslovno,Ukupno,1 i više noćenja,348042,1066760,226190109,-
2024,30 - 49,Poslovno,Ukupno,1 - 3 noćenja,268926,495302,123708384,-
2024,30 - 49,Poslovno,Ukupno,4 i više noćenja,79116,571459,102481724,-
2024,30 - 49,Poslovno,Inozemstvo,1 i više noćenja,165271,612358,137192706,-
2024,30 - 49,Poslovno,Inozemstvo,1 - 3 noćenja,114120,225681,64632242,-
2024,30 - 49,Poslovno,Inozemstvo,4 i više noćenja,51151,386677,72560464,-
2024,30 - 49,Poslovno,Hrvatska,1 i više noćenja,182772,454402,88997402,-
2024,30 - 49,Poslovno,Hrvatska,1 - 3 noćenja,154806,269621,59076142,-
2024,30 - 49,Poslovno,Hrvatska,4 i više noćenja,27966,184782,29921260,-
2024,50 i više,Privatno,Ukupno,1 i više noćenja,1893581,13268973,701720399,-
2024,50 i više,Privatno,Ukupno,1 - 3 noćenja,923968,1852324,206077034,-
2024,50 i više,Privatno,Ukupno,4 i više noćenja,969613,11416649,495643366,-
2024,50 i više,Privatno,Inozemstvo,1 i više noćenja,581517,3787254,280488805,-
2024,50 i više,Privatno,Inozemstvo,1 - 3 noćenja,292236,572224,88485420,-
2024,50 i više,Privatno,Inozemstvo,4 i više noćenja,289281,3215030,192003386,-
2024,50 i više,Privatno,Hrvatska,1 i više noćenja,1312064,9481719,421231594,-
2024,50 i više,Privatno,Hrvatska,1 - 3 noćenja,631731,1280100,117591614,-
2024,50 i više,Privatno,Hrvatska,4 i više noćenja,680333,8201619,303639980,-
2024,50 i više,Poslovno,Ukupno,1 i više noćenja,129164,404163,79847905,-
2024,50 i više,Poslovno,Ukupno,1 - 3 noćenja,99705,194934,52087441,-
2024,50 i više,Poslovno,Ukupno,4 i više noćenja,29458,209229,27760464,-
2024,50 i više,Poslovno,Inozemstvo,1 i više noćenja,51179,198802,49559532,-
2024,50 i više,Poslovno,Inozemstvo,1 - 3 noćenja,32828,74227,27723065,-
2024,50 i više,Poslovno,Inozemstvo,4 i više noćenja,18351,124574,21836468,-
2024,50 i više,Poslovno,Hrvatska,1 i više noćenja,77985,205362,30288373,-
2024,50 i više,Poslovno,Hrvatska,1 - 3 noćenja,66877,120707,24364376,-
2024,50 i više,Poslovno,Hrvatska,4 i više noćenja,11108,84655,5923997,-
