geo,zemlja,godina,pokazatelj,pokazatelj_hr,eurostat_dataset,vrijednost,jedinica,status_api,obs_status,conf_status,vrijednost_dostupna
AT,Austrija,2025,stopa_zaposlenosti_20_64,Stopa zaposlenosti stanovništva od 20 do 64 godine,lfsi_emp_a,77.6,PC_POP,bez_objavljene_oznake,bez_objavljene_oznake,bez_objavljene_oznake,da
BE,Belgija,2025,stopa_zaposlenosti_20_64,Stopa zaposlenosti stanovništva od 20 do 64 godine,lfsi_emp_a,72.8,PC_POP,bez_objavljene_oznake,bez_objavljene_oznake,bez_objavljene_oznake,da
BG,Bugarska,2025,stopa_zaposlenosti_20_64,Stopa zaposlenosti stanovništva od 20 do 64 godine,lfsi_emp_a,77.0,PC_POP,bez_objavljene_oznake,bez_objavljene_oznake,bez_objavljene_oznake,da
CY,Cipar,2025,stopa_zaposlenosti_20_64,Stopa zaposlenosti stanovništva od 20 do 64 godine,lfsi_emp_a,81.3,PC_POP,bez_objavljene_oznake,bez_objavljene_oznake,bez_objavljene_oznake,da
CZ,Češka,2025,stopa_zaposlenosti_20_64,Stopa zaposlenosti stanovništva od 20 do 64 godine,lfsi_emp_a,82.9,PC_POP,bez_objavljene_oznake,bez_objavljene_oznake,bez_objavljene_oznake,da
DK,Danska,2025,stopa_zaposlenosti_20_64,Stopa zaposlenosti stanovništva od 20 do 64 godine,lfsi_emp_a,79.8,PC_POP,bez_objavljene_oznake,bez_objavljene_oznake,bez_objavljene_oznake,da
EE,Estonija,2025,stopa_zaposlenosti_20_64,Stopa zaposlenosti stanovništva od 20 do 64 godine,lfsi_emp_a,81.7,PC_POP,bez_objavljene_oznake,bez_objavljene_oznake,bez_objavljene_oznake,da
FI,Finska,2025,stopa_zaposlenosti_20_64,Stopa zaposlenosti stanovništva od 20 do 64 godine,lfsi_emp_a,76.3,PC_POP,bez_objavljene_oznake,bez_objavljene_oznake,bez_objavljene_oznake,da
FR,Francuska,2025,stopa_zaposlenosti_20_64,Stopa zaposlenosti stanovništva od 20 do 64 godine,lfsi_emp_a,75.4,PC_POP,d,d,bez_objavljene_oznake,da
DE,Njemačka,2025,stopa_zaposlenosti_20_64,Stopa zaposlenosti stanovništva od 20 do 64 godine,lfsi_emp_a,81.1,PC_POP,bez_objavljene_oznake,bez_objavljene_oznake,bez_objavljene_oznake,da
EL,Grčka,2025,stopa_zaposlenosti_20_64,Stopa zaposlenosti stanovništva od 20 do 64 godine,lfsi_emp_a,71.0,PC_POP,bez_objavljene_oznake,bez_objavljene_oznake,bez_objavljene_oznake,da
HR,Hrvatska,2025,stopa_zaposlenosti_20_64,Stopa zaposlenosti stanovništva od 20 do 64 godine,lfsi_emp_a,74.4,PC_POP,bez_objavljene_oznake,bez_objavljene_oznake,bez_objavljene_oznake,da
HU,Mađarska,2025,stopa_zaposlenosti_20_64,Stopa zaposlenosti stanovništva od 20 do 64 godine,lfsi_emp_a,81.1,PC_POP,bez_objavljene_oznake,bez_objavljene_oznake,bez_objavljene_oznake,da
IE,Irska,2025,stopa_zaposlenosti_20_64,Stopa zaposlenosti stanovništva od 20 do 64 godine,lfsi_emp_a,80.2,PC_POP,bez_objavljene_oznake,bez_objavljene_oznake,bez_objavljene_oznake,da
IT,Italija,2025,stopa_zaposlenosti_20_64,Stopa zaposlenosti stanovništva od 20 do 64 godine,lfsi_emp_a,67.6,PC_POP,bez_objavljene_oznake,bez_objavljene_oznake,bez_objavljene_oznake,da
LV,Latvija,2025,stopa_zaposlenosti_20_64,Stopa zaposlenosti stanovništva od 20 do 64 godine,lfsi_emp_a,78.2,PC_POP,bez_objavljene_oznake,bez_objavljene_oznake,bez_objavljene_oznake,da
LT,Litva,2025,stopa_zaposlenosti_20_64,Stopa zaposlenosti stanovništva od 20 do 64 godine,lfsi_emp_a,80.0,PC_POP,bez_objavljene_oznake,bez_objavljene_oznake,bez_objavljene_oznake,da
LU,Luksemburg,2025,stopa_zaposlenosti_20_64,Stopa zaposlenosti stanovništva od 20 do 64 godine,lfsi_emp_a,73.9,PC_POP,bez_objavljene_oznake,bez_objavljene_oznake,bez_objavljene_oznake,da
MT,Malta,2025,stopa_zaposlenosti_20_64,Stopa zaposlenosti stanovništva od 20 do 64 godine,lfsi_emp_a,83.6,PC_POP,bez_objavljene_oznake,bez_objavljene_oznake,bez_objavljene_oznake,da
NL,Nizozemska,2025,stopa_zaposlenosti_20_64,Stopa zaposlenosti stanovništva od 20 do 64 godine,lfsi_emp_a,83.4,PC_POP,bez_objavljene_oznake,bez_objavljene_oznake,bez_objavljene_oznake,da
PL,Poljska,2025,stopa_zaposlenosti_20_64,Stopa zaposlenosti stanovništva od 20 do 64 godine,lfsi_emp_a,78.8,PC_POP,bez_objavljene_oznake,bez_objavljene_oznake,bez_objavljene_oznake,da
PT,Portugal,2025,stopa_zaposlenosti_20_64,Stopa zaposlenosti stanovništva od 20 do 64 godine,lfsi_emp_a,79.6,PC_POP,bez_objavljene_oznake,bez_objavljene_oznake,bez_objavljene_oznake,da
RO,Rumunjska,2025,stopa_zaposlenosti_20_64,Stopa zaposlenosti stanovništva od 20 do 64 godine,lfsi_emp_a,69.0,PC_POP,bez_objavljene_oznake,bez_objavljene_oznake,bez_objavljene_oznake,da
SK,Slovačka,2025,stopa_zaposlenosti_20_64,Stopa zaposlenosti stanovništva od 20 do 64 godine,lfsi_emp_a,78.1,PC_POP,bez_objavljene_oznake,bez_objavljene_oznake,bez_objavljene_oznake,da
SI,Slovenija,2025,stopa_zaposlenosti_20_64,Stopa zaposlenosti stanovništva od 20 do 64 godine,lfsi_emp_a,78.3,PC_POP,bez_objavljene_oznake,bez_objavljene_oznake,bez_objavljene_oznake,da
ES,Španjolska,2025,stopa_zaposlenosti_20_64,Stopa zaposlenosti stanovništva od 20 do 64 godine,lfsi_emp_a,72.4,PC_POP,d,d,bez_objavljene_oznake,da
SE,Švedska,2025,stopa_zaposlenosti_20_64,Stopa zaposlenosti stanovništva od 20 do 64 godine,lfsi_emp_a,81.8,PC_POP,bez_objavljene_oznake,bez_objavljene_oznake,bez_objavljene_oznake,da
AT,Austrija,2025,rizik_siromastva_ili_iskljucenosti,Rizik od siromaštva ili socijalne isključenosti,ilc_peps01n,18.6,PC,bez_objavljene_oznake,bez_objavljene_oznake,bez_objavljene_oznake,da
BE,Belgija,2025,rizik_siromastva_ili_iskljucenosti,Rizik od siromaštva ili socijalne isključenosti,ilc_peps01n,16.5,PC,bez_objavljene_oznake,bez_objavljene_oznake,bez_objavljene_oznake,da
BG,Bugarska,2025,rizik_siromastva_ili_iskljucenosti,Rizik od siromaštva ili socijalne isključenosti,ilc_peps01n,29.0,PC,bez_objavljene_oznake,bez_objavljene_oznake,bez_objavljene_oznake,da
CY,Cipar,2025,rizik_siromastva_ili_iskljucenosti,Rizik od siromaštva ili socijalne isključenosti,ilc_peps01n,17.1,PC,bez_objavljene_oznake,bez_objavljene_oznake,bez_objavljene_oznake,da
CZ,Češka,2025,rizik_siromastva_ili_iskljucenosti,Rizik od siromaštva ili socijalne isključenosti,ilc_peps01n,11.5,PC,bez_objavljene_oznake,bez_objavljene_oznake,bez_objavljene_oznake,da
DK,Danska,2025,rizik_siromastva_ili_iskljucenosti,Rizik od siromaštva ili socijalne isključenosti,ilc_peps01n,17.9,PC,bez_objavljene_oznake,bez_objavljene_oznake,bez_objavljene_oznake,da
EE,Estonija,2025,rizik_siromastva_ili_iskljucenosti,Rizik od siromaštva ili socijalne isključenosti,ilc_peps01n,21.8,PC,bez_objavljene_oznake,bez_objavljene_oznake,bez_objavljene_oznake,da
FI,Finska,2025,rizik_siromastva_ili_iskljucenosti,Rizik od siromaštva ili socijalne isključenosti,ilc_peps01n,17.2,PC,bez_objavljene_oznake,bez_objavljene_oznake,bez_objavljene_oznake,da
FR,Francuska,2025,rizik_siromastva_ili_iskljucenosti,Rizik od siromaštva ili socijalne isključenosti,ilc_peps01n,20.8,PC,bez_objavljene_oznake,bez_objavljene_oznake,bez_objavljene_oznake,da
DE,Njemačka,2025,rizik_siromastva_ili_iskljucenosti,Rizik od siromaštva ili socijalne isključenosti,ilc_peps01n,21.2,PC,bez_objavljene_oznake,bez_objavljene_oznake,bez_objavljene_oznake,da
EL,Grčka,2025,rizik_siromastva_ili_iskljucenosti,Rizik od siromaštva ili socijalne isključenosti,ilc_peps01n,27.5,PC,bez_objavljene_oznake,bez_objavljene_oznake,bez_objavljene_oznake,da
HR,Hrvatska,2025,rizik_siromastva_ili_iskljucenosti,Rizik od siromaštva ili socijalne isključenosti,ilc_peps01n,20.7,PC,bez_objavljene_oznake,bez_objavljene_oznake,bez_objavljene_oznake,da
HU,Mađarska,2025,rizik_siromastva_ili_iskljucenosti,Rizik od siromaštva ili socijalne isključenosti,ilc_peps01n,19.5,PC,bez_objavljene_oznake,bez_objavljene_oznake,bez_objavljene_oznake,da
IE,Irska,2025,rizik_siromastva_ili_iskljucenosti,Rizik od siromaštva ili socijalne isključenosti,ilc_peps01n,18.8,PC,bez_objavljene_oznake,bez_objavljene_oznake,bez_objavljene_oznake,da
IT,Italija,2025,rizik_siromastva_ili_iskljucenosti,Rizik od siromaštva ili socijalne isključenosti,ilc_peps01n,22.6,PC,bez_objavljene_oznake,bez_objavljene_oznake,bez_objavljene_oznake,da
LV,Latvija,2025,rizik_siromastva_ili_iskljucenosti,Rizik od siromaštva ili socijalne isključenosti,ilc_peps01n,24.7,PC,bez_objavljene_oznake,bez_objavljene_oznake,bez_objavljene_oznake,da
LT,Litva,2025,rizik_siromastva_ili_iskljucenosti,Rizik od siromaštva ili socijalne isključenosti,ilc_peps01n,26.3,PC,p,p,bez_objavljene_oznake,da
LU,Luksemburg,2025,rizik_siromastva_ili_iskljucenosti,Rizik od siromaštva ili socijalne isključenosti,ilc_peps01n,18.2,PC,b,b,bez_objavljene_oznake,da
MT,Malta,2025,rizik_siromastva_ili_iskljucenosti,Rizik od siromaštva ili socijalne isključenosti,ilc_peps01n,19.4,PC,bez_objavljene_oznake,bez_objavljene_oznake,bez_objavljene_oznake,da
NL,Nizozemska,2025,rizik_siromastva_ili_iskljucenosti,Rizik od siromaštva ili socijalne isključenosti,ilc_peps01n,15.8,PC,bez_objavljene_oznake,bez_objavljene_oznake,bez_objavljene_oznake,da
PL,Poljska,2025,rizik_siromastva_ili_iskljucenosti,Rizik od siromaštva ili socijalne isključenosti,ilc_peps01n,15.0,PC,bez_objavljene_oznake,bez_objavljene_oznake,bez_objavljene_oznake,da
PT,Portugal,2025,rizik_siromastva_ili_iskljucenosti,Rizik od siromaštva ili socijalne isključenosti,ilc_peps01n,18.6,PC,bez_objavljene_oznake,bez_objavljene_oznake,bez_objavljene_oznake,da
RO,Rumunjska,2025,rizik_siromastva_ili_iskljucenosti,Rizik od siromaštva ili socijalne isključenosti,ilc_peps01n,27.4,PC,bez_objavljene_oznake,bez_objavljene_oznake,bez_objavljene_oznake,da
SK,Slovačka,2025,rizik_siromastva_ili_iskljucenosti,Rizik od siromaštva ili socijalne isključenosti,ilc_peps01n,16.7,PC,bez_objavljene_oznake,bez_objavljene_oznake,bez_objavljene_oznake,da
SI,Slovenija,2025,rizik_siromastva_ili_iskljucenosti,Rizik od siromaštva ili socijalne isključenosti,ilc_peps01n,15.5,PC,bez_objavljene_oznake,bez_objavljene_oznake,bez_objavljene_oznake,da
ES,Španjolska,2025,rizik_siromastva_ili_iskljucenosti,Rizik od siromaštva ili socijalne isključenosti,ilc_peps01n,25.7,PC,bez_objavljene_oznake,bez_objavljene_oznake,bez_objavljene_oznake,da
SE,Švedska,2025,rizik_siromastva_ili_iskljucenosti,Rizik od siromaštva ili socijalne isključenosti,ilc_peps01n,18.6,PC,bez_objavljene_oznake,bez_objavljene_oznake,bez_objavljene_oznake,da
AT,Austrija,2025,tercijarno_obrazovanje_25_34,Tercijarno obrazovanje stanovništva od 25 do 34 godine,sdg_04_20,43.7,PC,bez_objavljene_oznake,bez_objavljene_oznake,bez_objavljene_oznake,da
BE,Belgija,2025,tercijarno_obrazovanje_25_34,Tercijarno obrazovanje stanovništva od 25 do 34 godine,sdg_04_20,52.7,PC,bez_objavljene_oznake,bez_objavljene_oznake,bez_objavljene_oznake,da
BG,Bugarska,2025,tercijarno_obrazovanje_25_34,Tercijarno obrazovanje stanovništva od 25 do 34 godine,sdg_04_20,41.2,PC,bez_objavljene_oznake,bez_objavljene_oznake,bez_objavljene_oznake,da
CY,Cipar,2025,tercijarno_obrazovanje_25_34,Tercijarno obrazovanje stanovništva od 25 do 34 godine,sdg_04_20,60.0,PC,bez_objavljene_oznake,bez_objavljene_oznake,bez_objavljene_oznake,da
CZ,Češka,2025,tercijarno_obrazovanje_25_34,Tercijarno obrazovanje stanovništva od 25 do 34 godine,sdg_04_20,36.0,PC,bez_objavljene_oznake,bez_objavljene_oznake,bez_objavljene_oznake,da
DK,Danska,2025,tercijarno_obrazovanje_25_34,Tercijarno obrazovanje stanovništva od 25 do 34 godine,sdg_04_20,52.5,PC,bez_objavljene_oznake,bez_objavljene_oznake,bez_objavljene_oznake,da
EE,Estonija,2025,tercijarno_obrazovanje_25_34,Tercijarno obrazovanje stanovništva od 25 do 34 godine,sdg_04_20,44.3,PC,bez_objavljene_oznake,bez_objavljene_oznake,bez_objavljene_oznake,da
FI,Finska,2025,tercijarno_obrazovanje_25_34,Tercijarno obrazovanje stanovništva od 25 do 34 godine,sdg_04_20,38.2,PC,bez_objavljene_oznake,bez_objavljene_oznake,bez_objavljene_oznake,da
FR,Francuska,2025,tercijarno_obrazovanje_25_34,Tercijarno obrazovanje stanovništva od 25 do 34 godine,sdg_04_20,55.8,PC,bez_objavljene_oznake,bez_objavljene_oznake,bez_objavljene_oznake,da
DE,Njemačka,2025,tercijarno_obrazovanje_25_34,Tercijarno obrazovanje stanovništva od 25 do 34 godine,sdg_04_20,40.9,PC,bez_objavljene_oznake,bez_objavljene_oznake,bez_objavljene_oznake,da
EL,Grčka,2025,tercijarno_obrazovanje_25_34,Tercijarno obrazovanje stanovništva od 25 do 34 godine,sdg_04_20,42.8,PC,bez_objavljene_oznake,bez_objavljene_oznake,bez_objavljene_oznake,da
HR,Hrvatska,2025,tercijarno_obrazovanje_25_34,Tercijarno obrazovanje stanovništva od 25 do 34 godine,sdg_04_20,42.0,PC,bez_objavljene_oznake,bez_objavljene_oznake,bez_objavljene_oznake,da
HU,Mađarska,2025,tercijarno_obrazovanje_25_34,Tercijarno obrazovanje stanovništva od 25 do 34 godine,sdg_04_20,32.6,PC,bez_objavljene_oznake,bez_objavljene_oznake,bez_objavljene_oznake,da
IE,Irska,2025,tercijarno_obrazovanje_25_34,Tercijarno obrazovanje stanovništva od 25 do 34 godine,sdg_04_20,66.8,PC,bez_objavljene_oznake,bez_objavljene_oznake,bez_objavljene_oznake,da
IT,Italija,2025,tercijarno_obrazovanje_25_34,Tercijarno obrazovanje stanovništva od 25 do 34 godine,sdg_04_20,31.1,PC,bez_objavljene_oznake,bez_objavljene_oznake,bez_objavljene_oznake,da
LV,Latvija,2025,tercijarno_obrazovanje_25_34,Tercijarno obrazovanje stanovništva od 25 do 34 godine,sdg_04_20,44.7,PC,bez_objavljene_oznake,bez_objavljene_oznake,bez_objavljene_oznake,da
LT,Litva,2025,tercijarno_obrazovanje_25_34,Tercijarno obrazovanje stanovništva od 25 do 34 godine,sdg_04_20,60.8,PC,bez_objavljene_oznake,bez_objavljene_oznake,bez_objavljene_oznake,da
LU,Luksemburg,2025,tercijarno_obrazovanje_25_34,Tercijarno obrazovanje stanovništva od 25 do 34 godine,sdg_04_20,65.0,PC,bez_objavljene_oznake,bez_objavljene_oznake,bez_objavljene_oznake,da
MT,Malta,2025,tercijarno_obrazovanje_25_34,Tercijarno obrazovanje stanovništva od 25 do 34 godine,sdg_04_20,47.7,PC,bez_objavljene_oznake,bez_objavljene_oznake,bez_objavljene_oznake,da
NL,Nizozemska,2025,tercijarno_obrazovanje_25_34,Tercijarno obrazovanje stanovništva od 25 do 34 godine,sdg_04_20,56.1,PC,bez_objavljene_oznake,bez_objavljene_oznake,bez_objavljene_oznake,da
PL,Poljska,2025,tercijarno_obrazovanje_25_34,Tercijarno obrazovanje stanovništva od 25 do 34 godine,sdg_04_20,45.2,PC,bez_objavljene_oznake,bez_objavljene_oznake,bez_objavljene_oznake,da
PT,Portugal,2025,tercijarno_obrazovanje_25_34,Tercijarno obrazovanje stanovništva od 25 do 34 godine,sdg_04_20,42.5,PC,bez_objavljene_oznake,bez_objavljene_oznake,bez_objavljene_oznake,da
RO,Rumunjska,2025,tercijarno_obrazovanje_25_34,Tercijarno obrazovanje stanovništva od 25 do 34 godine,sdg_04_20,23.0,PC,bez_objavljene_oznake,bez_objavljene_oznake,bez_objavljene_oznake,da
SK,Slovačka,2025,tercijarno_obrazovanje_25_34,Tercijarno obrazovanje stanovništva od 25 do 34 godine,sdg_04_20,36.3,PC,bez_objavljene_oznake,bez_objavljene_oznake,bez_objavljene_oznake,da
SI,Slovenija,2025,tercijarno_obrazovanje_25_34,Tercijarno obrazovanje stanovništva od 25 do 34 godine,sdg_04_20,42.8,PC,bez_objavljene_oznake,bez_objavljene_oznake,bez_objavljene_oznake,da
ES,Španjolska,2025,tercijarno_obrazovanje_25_34,Tercijarno obrazovanje stanovništva od 25 do 34 godine,sdg_04_20,52.5,PC,bez_objavljene_oznake,bez_objavljene_oznake,bez_objavljene_oznake,da
SE,Švedska,2025,tercijarno_obrazovanje_25_34,Tercijarno obrazovanje stanovništva od 25 do 34 godine,sdg_04_20,53.6,PC,bez_objavljene_oznake,bez_objavljene_oznake,bez_objavljene_oznake,da
AT,Austrija,2025,rano_napustanje_obrazovanja_18_24,Rano napuštanje obrazovanja i osposobljavanja od 18 do 24 godine,edat_lfse_14,10.0,PC,bez_objavljene_oznake,bez_objavljene_oznake,bez_objavljene_oznake,da
BE,Belgija,2025,rano_napustanje_obrazovanja_18_24,Rano napuštanje obrazovanja i osposobljavanja od 18 do 24 godine,edat_lfse_14,7.3,PC,bez_objavljene_oznake,bez_objavljene_oznake,bez_objavljene_oznake,da
BG,Bugarska,2025,rano_napustanje_obrazovanja_18_24,Rano napuštanje obrazovanja i osposobljavanja od 18 do 24 godine,edat_lfse_14,8.6,PC,bez_objavljene_oznake,bez_objavljene_oznake,bez_objavljene_oznake,da
CY,Cipar,2025,rano_napustanje_obrazovanja_18_24,Rano napuštanje obrazovanja i osposobljavanja od 18 do 24 godine,edat_lfse_14,9.8,PC,bez_objavljene_oznake,bez_objavljene_oznake,bez_objavljene_oznake,da
CZ,Češka,2025,rano_napustanje_obrazovanja_18_24,Rano napuštanje obrazovanja i osposobljavanja od 18 do 24 godine,edat_lfse_14,6.1,PC,bez_objavljene_oznake,bez_objavljene_oznake,bez_objavljene_oznake,da
DK,Danska,2025,rano_napustanje_obrazovanja_18_24,Rano napuštanje obrazovanja i osposobljavanja od 18 do 24 godine,edat_lfse_14,10.0,PC,b,b,bez_objavljene_oznake,da
EE,Estonija,2025,rano_napustanje_obrazovanja_18_24,Rano napuštanje obrazovanja i osposobljavanja od 18 do 24 godine,edat_lfse_14,10.2,PC,bez_objavljene_oznake,bez_objavljene_oznake,bez_objavljene_oznake,da
FI,Finska,2025,rano_napustanje_obrazovanja_18_24,Rano napuštanje obrazovanja i osposobljavanja od 18 do 24 godine,edat_lfse_14,9.9,PC,bez_objavljene_oznake,bez_objavljene_oznake,bez_objavljene_oznake,da
FR,Francuska,2025,rano_napustanje_obrazovanja_18_24,Rano napuštanje obrazovanja i osposobljavanja od 18 do 24 godine,edat_lfse_14,7.2,PC,d,d,bez_objavljene_oznake,da
DE,Njemačka,2025,rano_napustanje_obrazovanja_18_24,Rano napuštanje obrazovanja i osposobljavanja od 18 do 24 godine,edat_lfse_14,13.1,PC,bez_objavljene_oznake,bez_objavljene_oznake,bez_objavljene_oznake,da
EL,Grčka,2025,rano_napustanje_obrazovanja_18_24,Rano napuštanje obrazovanja i osposobljavanja od 18 do 24 godine,edat_lfse_14,3.0,PC,bez_objavljene_oznake,bez_objavljene_oznake,bez_objavljene_oznake,da
HR,Hrvatska,2025,rano_napustanje_obrazovanja_18_24,Rano napuštanje obrazovanja i osposobljavanja od 18 do 24 godine,edat_lfse_14,2.1,PC,u,u,bez_objavljene_oznake,da
HU,Mađarska,2025,rano_napustanje_obrazovanja_18_24,Rano napuštanje obrazovanja i osposobljavanja od 18 do 24 godine,edat_lfse_14,9.3,PC,bez_objavljene_oznake,bez_objavljene_oznake,bez_objavljene_oznake,da
IE,Irska,2025,rano_napustanje_obrazovanja_18_24,Rano napuštanje obrazovanja i osposobljavanja od 18 do 24 godine,edat_lfse_14,3.6,PC,bez_objavljene_oznake,bez_objavljene_oznake,bez_objavljene_oznake,da
IT,Italija,2025,rano_napustanje_obrazovanja_18_24,Rano napuštanje obrazovanja i osposobljavanja od 18 do 24 godine,edat_lfse_14,8.2,PC,bez_objavljene_oznake,bez_objavljene_oznake,bez_objavljene_oznake,da
LV,Latvija,2025,rano_napustanje_obrazovanja_18_24,Rano napuštanje obrazovanja i osposobljavanja od 18 do 24 godine,edat_lfse_14,8.8,PC,bez_objavljene_oznake,bez_objavljene_oznake,bez_objavljene_oznake,da
LT,Litva,2025,rano_napustanje_obrazovanja_18_24,Rano napuštanje obrazovanja i osposobljavanja od 18 do 24 godine,edat_lfse_14,5.9,PC,bez_objavljene_oznake,bez_objavljene_oznake,bez_objavljene_oznake,da
LU,Luksemburg,2025,rano_napustanje_obrazovanja_18_24,Rano napuštanje obrazovanja i osposobljavanja od 18 do 24 godine,edat_lfse_14,:,PC,u,u,bez_objavljene_oznake,ne
MT,Malta,2025,rano_napustanje_obrazovanja_18_24,Rano napuštanje obrazovanja i osposobljavanja od 18 do 24 godine,edat_lfse_14,8.6,PC,bez_objavljene_oznake,bez_objavljene_oznake,bez_objavljene_oznake,da
NL,Nizozemska,2025,rano_napustanje_obrazovanja_18_24,Rano napuštanje obrazovanja i osposobljavanja od 18 do 24 godine,edat_lfse_14,7.4,PC,bez_objavljene_oznake,bez_objavljene_oznake,bez_objavljene_oznake,da
PL,Poljska,2025,rano_napustanje_obrazovanja_18_24,Rano napuštanje obrazovanja i osposobljavanja od 18 do 24 godine,edat_lfse_14,4.0,PC,bez_objavljene_oznake,bez_objavljene_oznake,bez_objavljene_oznake,da
PT,Portugal,2025,rano_napustanje_obrazovanja_18_24,Rano napuštanje obrazovanja i osposobljavanja od 18 do 24 godine,edat_lfse_14,6.1,PC,bez_objavljene_oznake,bez_objavljene_oznake,bez_objavljene_oznake,da
RO,Rumunjska,2025,rano_napustanje_obrazovanja_18_24,Rano napuštanje obrazovanja i osposobljavanja od 18 do 24 godine,edat_lfse_14,15.5,PC,bez_objavljene_oznake,bez_objavljene_oznake,bez_objavljene_oznake,da
SK,Slovačka,2025,rano_napustanje_obrazovanja_18_24,Rano napuštanje obrazovanja i osposobljavanja od 18 do 24 godine,edat_lfse_14,6.8,PC,bez_objavljene_oznake,bez_objavljene_oznake,bez_objavljene_oznake,da
SI,Slovenija,2025,rano_napustanje_obrazovanja_18_24,Rano napuštanje obrazovanja i osposobljavanja od 18 do 24 godine,edat_lfse_14,5.5,PC,bez_objavljene_oznake,bez_objavljene_oznake,bez_objavljene_oznake,da
ES,Španjolska,2025,rano_napustanje_obrazovanja_18_24,Rano napuštanje obrazovanja i osposobljavanja od 18 do 24 godine,edat_lfse_14,12.8,PC,d,d,bez_objavljene_oznake,da
SE,Švedska,2025,rano_napustanje_obrazovanja_18_24,Rano napuštanje obrazovanja i osposobljavanja od 18 do 24 godine,edat_lfse_14,6.7,PC,bez_objavljene_oznake,bez_objavljene_oznake,bez_objavljene_oznake,da
AT,Austrija,2025,uporaba_interneta_16_74,Uporaba interneta u prethodna tri mjeseca od 16 do 74 godine,isoc_ci_ifp_iu,95.30,PC_IND,bez_objavljene_oznake,bez_objavljene_oznake,bez_objavljene_oznake,da
BE,Belgija,2025,uporaba_interneta_16_74,Uporaba interneta u prethodna tri mjeseca od 16 do 74 godine,isoc_ci_ifp_iu,96.46,PC_IND,bez_objavljene_oznake,bez_objavljene_oznake,bez_objavljene_oznake,da
BG,Bugarska,2025,uporaba_interneta_16_74,Uporaba interneta u prethodna tri mjeseca od 16 do 74 godine,isoc_ci_ifp_iu,86.85,PC_IND,bez_objavljene_oznake,bez_objavljene_oznake,bez_objavljene_oznake,da
CY,Cipar,2025,uporaba_interneta_16_74,Uporaba interneta u prethodna tri mjeseca od 16 do 74 godine,isoc_ci_ifp_iu,93.79,PC_IND,bez_objavljene_oznake,bez_objavljene_oznake,bez_objavljene_oznake,da
CZ,Češka,2025,uporaba_interneta_16_74,Uporaba interneta u prethodna tri mjeseca od 16 do 74 godine,isoc_ci_ifp_iu,94.52,PC_IND,bez_objavljene_oznake,bez_objavljene_oznake,bez_objavljene_oznake,da
DK,Danska,2025,uporaba_interneta_16_74,Uporaba interneta u prethodna tri mjeseca od 16 do 74 godine,isoc_ci_ifp_iu,99.71,PC_IND,bez_objavljene_oznake,bez_objavljene_oznake,bez_objavljene_oznake,da
EE,Estonija,2025,uporaba_interneta_16_74,Uporaba interneta u prethodna tri mjeseca od 16 do 74 godine,isoc_ci_ifp_iu,94.86,PC_IND,bez_objavljene_oznake,bez_objavljene_oznake,bez_objavljene_oznake,da
FI,Finska,2025,uporaba_interneta_16_74,Uporaba interneta u prethodna tri mjeseca od 16 do 74 godine,isoc_ci_ifp_iu,98.08,PC_IND,bez_objavljene_oznake,bez_objavljene_oznake,bez_objavljene_oznake,da
FR,Francuska,2025,uporaba_interneta_16_74,Uporaba interneta u prethodna tri mjeseca od 16 do 74 godine,isoc_ci_ifp_iu,94.98,PC_IND,bez_objavljene_oznake,bez_objavljene_oznake,bez_objavljene_oznake,da
DE,Njemačka,2025,uporaba_interneta_16_74,Uporaba interneta u prethodna tri mjeseca od 16 do 74 godine,isoc_ci_ifp_iu,94.58,PC_IND,bez_objavljene_oznake,bez_objavljene_oznake,bez_objavljene_oznake,da
EL,Grčka,2025,uporaba_interneta_16_74,Uporaba interneta u prethodna tri mjeseca od 16 do 74 godine,isoc_ci_ifp_iu,89.15,PC_IND,bez_objavljene_oznake,bez_objavljene_oznake,bez_objavljene_oznake,da
HR,Hrvatska,2025,uporaba_interneta_16_74,Uporaba interneta u prethodna tri mjeseca od 16 do 74 godine,isoc_ci_ifp_iu,85.90,PC_IND,bez_objavljene_oznake,bez_objavljene_oznake,bez_objavljene_oznake,da
HU,Mađarska,2025,uporaba_interneta_16_74,Uporaba interneta u prethodna tri mjeseca od 16 do 74 godine,isoc_ci_ifp_iu,92.80,PC_IND,bez_objavljene_oznake,bez_objavljene_oznake,bez_objavljene_oznake,da
IE,Irska,2025,uporaba_interneta_16_74,Uporaba interneta u prethodna tri mjeseca od 16 do 74 godine,isoc_ci_ifp_iu,99.78,PC_IND,bez_objavljene_oznake,bez_objavljene_oznake,bez_objavljene_oznake,da
IT,Italija,2025,uporaba_interneta_16_74,Uporaba interneta u prethodna tri mjeseca od 16 do 74 godine,isoc_ci_ifp_iu,90.32,PC_IND,bez_objavljene_oznake,bez_objavljene_oznake,bez_objavljene_oznake,da
LV,Latvija,2025,uporaba_interneta_16_74,Uporaba interneta u prethodna tri mjeseca od 16 do 74 godine,isoc_ci_ifp_iu,94.53,PC_IND,bez_objavljene_oznake,bez_objavljene_oznake,bez_objavljene_oznake,da
LT,Litva,2025,uporaba_interneta_16_74,Uporaba interneta u prethodna tri mjeseca od 16 do 74 godine,isoc_ci_ifp_iu,89.30,PC_IND,bez_objavljene_oznake,bez_objavljene_oznake,bez_objavljene_oznake,da
LU,Luksemburg,2025,uporaba_interneta_16_74,Uporaba interneta u prethodna tri mjeseca od 16 do 74 godine,isoc_ci_ifp_iu,99.13,PC_IND,bez_objavljene_oznake,bez_objavljene_oznake,bez_objavljene_oznake,da
MT,Malta,2025,uporaba_interneta_16_74,Uporaba interneta u prethodna tri mjeseca od 16 do 74 godine,isoc_ci_ifp_iu,96.01,PC_IND,bez_objavljene_oznake,bez_objavljene_oznake,bez_objavljene_oznake,da
NL,Nizozemska,2025,uporaba_interneta_16_74,Uporaba interneta u prethodna tri mjeseca od 16 do 74 godine,isoc_ci_ifp_iu,99.71,PC_IND,bez_objavljene_oznake,bez_objavljene_oznake,bez_objavljene_oznake,da
PL,Poljska,2025,uporaba_interneta_16_74,Uporaba interneta u prethodna tri mjeseca od 16 do 74 godine,isoc_ci_ifp_iu,89.65,PC_IND,bez_objavljene_oznake,bez_objavljene_oznake,bez_objavljene_oznake,da
PT,Portugal,2025,uporaba_interneta_16_74,Uporaba interneta u prethodna tri mjeseca od 16 do 74 godine,isoc_ci_ifp_iu,89.45,PC_IND,bez_objavljene_oznake,bez_objavljene_oznake,bez_objavljene_oznake,da
RO,Rumunjska,2025,uporaba_interneta_16_74,Uporaba interneta u prethodna tri mjeseca od 16 do 74 godine,isoc_ci_ifp_iu,93.15,PC_IND,bez_objavljene_oznake,bez_objavljene_oznake,bez_objavljene_oznake,da
SK,Slovačka,2025,uporaba_interneta_16_74,Uporaba interneta u prethodna tri mjeseca od 16 do 74 godine,isoc_ci_ifp_iu,92.49,PC_IND,bez_objavljene_oznake,bez_objavljene_oznake,bez_objavljene_oznake,da
SI,Slovenija,2025,uporaba_interneta_16_74,Uporaba interneta u prethodna tri mjeseca od 16 do 74 godine,isoc_ci_ifp_iu,91.57,PC_IND,bez_objavljene_oznake,bez_objavljene_oznake,bez_objavljene_oznake,da
ES,Španjolska,2025,uporaba_interneta_16_74,Uporaba interneta u prethodna tri mjeseca od 16 do 74 godine,isoc_ci_ifp_iu,96.34,PC_IND,bez_objavljene_oznake,bez_objavljene_oznake,bez_objavljene_oznake,da
SE,Švedska,2025,uporaba_interneta_16_74,Uporaba interneta u prethodna tri mjeseca od 16 do 74 godine,isoc_ci_ifp_iu,98.25,PC_IND,bez_objavljene_oznake,bez_objavljene_oznake,bez_objavljene_oznake,da
AT,Austrija,2025,udio_stanovnistva_65_plus,Udio stanovništva u dobi od 65 ili više godina,demo_pjanind,20.2,PC,bez_objavljene_oznake,bez_objavljene_oznake,bez_objavljene_oznake,da
BE,Belgija,2025,udio_stanovnistva_65_plus,Udio stanovništva u dobi od 65 ili više godina,demo_pjanind,20.2,PC,bez_objavljene_oznake,bez_objavljene_oznake,bez_objavljene_oznake,da
BG,Bugarska,2025,udio_stanovnistva_65_plus,Udio stanovništva u dobi od 65 ili više godina,demo_pjanind,24.0,PC,bez_objavljene_oznake,bez_objavljene_oznake,bez_objavljene_oznake,da
CY,Cipar,2025,udio_stanovnistva_65_plus,Udio stanovništva u dobi od 65 ili više godina,demo_pjanind,18.3,PC,bez_objavljene_oznake,bez_objavljene_oznake,bez_objavljene_oznake,da
CZ,Češka,2025,udio_stanovnistva_65_plus,Udio stanovništva u dobi od 65 ili više godina,demo_pjanind,20.7,PC,bez_objavljene_oznake,bez_objavljene_oznake,bez_objavljene_oznake,da
DK,Danska,2025,udio_stanovnistva_65_plus,Udio stanovništva u dobi od 65 ili više godina,demo_pjanind,20.9,PC,bez_objavljene_oznake,bez_objavljene_oznake,bez_objavljene_oznake,da
EE,Estonija,2025,udio_stanovnistva_65_plus,Udio stanovništva u dobi od 65 ili više godina,demo_pjanind,20.9,PC,bez_objavljene_oznake,bez_objavljene_oznake,bez_objavljene_oznake,da
FI,Finska,2025,udio_stanovnistva_65_plus,Udio stanovništva u dobi od 65 ili više godina,demo_pjanind,23.6,PC,bez_objavljene_oznake,bez_objavljene_oznake,bez_objavljene_oznake,da
FR,Francuska,2025,udio_stanovnistva_65_plus,Udio stanovništva u dobi od 65 ili više godina,demo_pjanind,21.9,PC,p,p,bez_objavljene_oznake,da
DE,Njemačka,2025,udio_stanovnistva_65_plus,Udio stanovništva u dobi od 65 ili više godina,demo_pjanind,22.7,PC,bez_objavljene_oznake,bez_objavljene_oznake,bez_objavljene_oznake,da
EL,Grčka,2025,udio_stanovnistva_65_plus,Udio stanovništva u dobi od 65 ili više godina,demo_pjanind,23.7,PC,bez_objavljene_oznake,bez_objavljene_oznake,bez_objavljene_oznake,da
HR,Hrvatska,2025,udio_stanovnistva_65_plus,Udio stanovništva u dobi od 65 ili više godina,demo_pjanind,23.3,PC,bez_objavljene_oznake,bez_objavljene_oznake,bez_objavljene_oznake,da
HU,Mađarska,2025,udio_stanovnistva_65_plus,Udio stanovništva u dobi od 65 ili više godina,demo_pjanind,20.9,PC,bez_objavljene_oznake,bez_objavljene_oznake,bez_objavljene_oznake,da
IE,Irska,2025,udio_stanovnistva_65_plus,Udio stanovništva u dobi od 65 ili više godina,demo_pjanind,15.7,PC,bez_objavljene_oznake,bez_objavljene_oznake,bez_objavljene_oznake,da
IT,Italija,2025,udio_stanovnistva_65_plus,Udio stanovništva u dobi od 65 ili više godina,demo_pjanind,24.7,PC,bez_objavljene_oznake,bez_objavljene_oznake,bez_objavljene_oznake,da
LV,Latvija,2025,udio_stanovnistva_65_plus,Udio stanovništva u dobi od 65 ili više godina,demo_pjanind,21.9,PC,bez_objavljene_oznake,bez_objavljene_oznake,bez_objavljene_oznake,da
LT,Litva,2025,udio_stanovnistva_65_plus,Udio stanovništva u dobi od 65 ili više godina,demo_pjanind,20.9,PC,bez_objavljene_oznake,bez_objavljene_oznake,bez_objavljene_oznake,da
LU,Luksemburg,2025,udio_stanovnistva_65_plus,Udio stanovništva u dobi od 65 ili više godina,demo_pjanind,15.2,PC,bez_objavljene_oznake,bez_objavljene_oznake,bez_objavljene_oznake,da
MT,Malta,2025,udio_stanovnistva_65_plus,Udio stanovništva u dobi od 65 ili više godina,demo_pjanind,18.4,PC,bez_objavljene_oznake,bez_objavljene_oznake,bez_objavljene_oznake,da
NL,Nizozemska,2025,udio_stanovnistva_65_plus,Udio stanovništva u dobi od 65 ili više godina,demo_pjanind,20.8,PC,bez_objavljene_oznake,bez_objavljene_oznake,bez_objavljene_oznake,da
PL,Poljska,2025,udio_stanovnistva_65_plus,Udio stanovništva u dobi od 65 ili više godina,demo_pjanind,21.0,PC,ep,ep,bez_objavljene_oznake,da
PT,Portugal,2025,udio_stanovnistva_65_plus,Udio stanovništva u dobi od 65 ili više godina,demo_pjanind,24.3,PC,bez_objavljene_oznake,bez_objavljene_oznake,bez_objavljene_oznake,da
RO,Rumunjska,2025,udio_stanovnistva_65_plus,Udio stanovništva u dobi od 65 ili više godina,demo_pjanind,20.3,PC,e,e,bez_objavljene_oznake,da
SK,Slovačka,2025,udio_stanovnistva_65_plus,Udio stanovništva u dobi od 65 ili više godina,demo_pjanind,18.8,PC,bez_objavljene_oznake,bez_objavljene_oznake,bez_objavljene_oznake,da
SI,Slovenija,2025,udio_stanovnistva_65_plus,Udio stanovništva u dobi od 65 ili više godina,demo_pjanind,22.1,PC,bez_objavljene_oznake,bez_objavljene_oznake,bez_objavljene_oznake,da
ES,Španjolska,2025,udio_stanovnistva_65_plus,Udio stanovništva u dobi od 65 ili više godina,demo_pjanind,20.7,PC,bez_objavljene_oznake,bez_objavljene_oznake,bez_objavljene_oznake,da
SE,Švedska,2025,udio_stanovnistva_65_plus,Udio stanovništva u dobi od 65 ili više godina,demo_pjanind,20.8,PC,bez_objavljene_oznake,bez_objavljene_oznake,bez_objavljene_oznake,da
